pdb_id,res_idx
1T1U,194
9UVM,145
9UVM,266
6JCH,179
3UXF,148
3PF2,8
5YXG,2
3UXF,445
3HR6,134
6BBW,160
6BBW,12
6BBW,149
5U5O,174
6TO1,12
5U5O,282
3NJN,95
6JCH,321
6BBW,276
9IFR,100
3UXF,321
3HR6,298
6JCH,168
6TO1,419
5YXG,146
4UZG,2
3HR6,417
3UXF,277
4UZG,268
6JCH,9
2WOY,176
3PF2,149
3PF2,313
3HR6,256
5YXG,283
5U5O,6
7LGR,5
2Y69,238
7QBP,161
4NI6,3
2Y69,242
4UZG,136
7LGR,119
2WOY,308
9UVM,302
3QHB,125
4U5Q,33
7COH,242
4UZG,164
3QHB,15
5YXG,171
7COH,238
5U5O,159
3PF2,185
5A0N,205
4U5Q,31
6B2V,241
2IU4,281
1U53,190
4NI6,130
5A0L,195
4YAR,83
9NDR,272
1YN3,82
4YAR,95
5ECK,169
5HGJ,151
5A0N,52
7QBP,70
9N3U,240
5A0L,43
5HGJ,149
4Z0Y,96
6F8A,120
3M6N,235
3S8G,228
9NDR,228
2Q8O,29
9N3U,180
3S8G,224
3TG7,871
4Z0Y,115
3M6N,231
1YN3,80
5J81,408
5ECK,183
3M6N,84
8EEN,291
8EEN,384
4QRE,337
1R0M,316
7OXD,47
