res_name,bi_bii,pucker_class,n_nucleotides,bond_P_O5,bond_O5_C5,bond_C5_C4,bond_C4_O4,bond_C4_C3,bond_C3_O3,bond_C3_C2,bond_C2_C1,bond_C1_O4,bond_C1_N,bond_O3_Pnext,angle_O5_P_O3prev,angle_OP1_P_OP2,angle_C5_O5_P,angle_C5_C4_O4,angle_C5_C4_C3,angle_O4_C4_C3,angle_C4_C3_O3,angle_C4_C3_C2,angle_O3_C3_C2,angle_C3_C2_C1,angle_C2_C1_O4,angle_C1_O4_C4,angle_O4_C1_N,angle_C2_C1_N,angle_C3_O3_Pnext
DA,BI,C1-endo,225,1.5969,1.4205,1.5145,1.4487,1.5237,1.4221,1.5236,1.5206,1.4156,1.4649,1.6038,102.9807,119.7719,120.2244,109.3599,114.09,106.2442,109.7125,103.4225,111.8542,102.4198,106.638,110.1613,108.5629,114.1612,120.472
DA,BI,C1-exo,16902,1.5946,1.4249,1.5136,1.4494,1.5263,1.4235,1.5248,1.5205,1.4167,1.4617,1.6031,102.8013,120.0259,119.914,109.907,114.7093,106.0581,108.8061,103.3514,112.0937,101.9082,105.856,110.0122,107.7912,114.6892,120.7191
DA,BI,C2-endo,5321,1.5949,1.4216,1.513,1.4462,1.5295,1.4222,1.5301,1.5193,1.4083,1.4609,1.6028,102.9164,120.1568,119.7675,109.7363,114.6546,106.3144,108.797,104.3282,112.2682,102.4374,105.0325,108.6334,108.164,114.5176,121.0442
DA,BI,C2-exo,30,1.599,1.4242,1.5148,1.4468,1.526,1.427,1.5261,1.5216,1.4128,1.4638,1.6065,103.4221,119.5397,119.8054,109.0581,113.8727,106.9665,110.4903,105.4811,111.9716,104.6462,107.0331,110.4536,108.7682,113.6196,119.4043
DA,BI,C3-endo,34,1.6052,1.4306,1.5213,1.4444,1.5247,1.4282,1.5292,1.5223,1.4145,1.4624,1.605,103.4382,120.1058,120.1925,109.9524,114.5015,106.5695,110.4634,105.7735,112.0877,105.5219,107.7328,110.7565,108.6538,113.755,120.9016
DA,BI,C3-exo,1044,1.5954,1.4226,1.5136,1.4395,1.526,1.4253,1.5325,1.5239,1.4073,1.4598,1.6043,103.2615,120.0162,119.9047,109.6661,114.6007,105.3189,109.4644,104.6216,112.1598,104.2161,105.9197,107.6762,108.2927,113.928,120.9948
DA,BI,C4-endo,846,1.5972,1.4224,1.5137,1.4385,1.52,1.4237,1.5269,1.5262,1.414,1.4603,1.6054,103.4439,119.9239,120.4749,109.4448,114.8535,104.4647,109.8711,103.345,110.7887,104.2078,107.6471,108.7903,108.6895,114.1015,120.5812
DA,BI,C4-exo,151,1.5964,1.4225,1.5147,1.4431,1.5191,1.4253,1.5272,1.53,1.4168,1.4656,1.6041,103.163,119.8349,119.5479,109.3974,114.7172,105.0077,109.8644,103.4743,112.2397,104.6025,107.474,109.7222,108.5664,113.2176,120.6524
DA,BI,O4-endo,3794,1.5948,1.4232,1.5138,1.4469,1.5215,1.4269,1.5236,1.5266,1.421,1.4625,1.6049,102.7852,119.8716,119.6302,109.343,114.8679,105.126,109.0342,102.6582,112.5789,102.6669,106.9479,110.324,107.6684,114.3781,120.7703
DA,BI,O4-exo,1967,1.5968,1.424,1.514,1.4437,1.5185,1.4216,1.5222,1.5249,1.4201,1.4628,1.6034,103.4142,119.8268,120.3954,109.6964,114.6903,104.6934,109.7552,102.1071,111.4583,102.5059,107.2789,109.6467,108.5294,114.0001,120.4919
DA,BII,C1-endo,39,1.5968,1.4234,1.5168,1.4506,1.5248,1.4299,1.5228,1.5188,1.416,1.4655,1.6091,103.5743,120.125,120.5937,109.142,114.2856,105.8539,110.5377,103.5183,112.6506,102.1753,106.2757,110.2116,108.8554,114.4522,121.1201
DA,BII,C1-exo,2450,1.5951,1.4262,1.514,1.4511,1.5291,1.4191,1.5209,1.5176,1.4148,1.4589,1.6006,103.0712,119.9938,120.2118,109.8905,114.6521,105.6127,109.2518,102.6486,109.6567,99.915,105.0712,108.6777,109.0742,114.9889,120.779
DA,BII,C2-endo,485,1.5951,1.4254,1.5134,1.4495,1.5317,1.42,1.5254,1.5176,1.4079,1.4579,1.6021,102.9486,120.0028,120.2216,109.7277,114.8409,105.9875,109.5278,103.6978,110.2339,100.5212,104.1642,107.3263,109.7704,114.7848,121.1652
DA,BII,C2-exo,11,1.6035,1.4334,1.5148,1.4441,1.5235,1.4375,1.5182,1.5129,1.415,1.4672,1.6047,101.9943,119.3481,120.5162,109.0541,115.4264,106.4227,110.5064,105.8625,111.4227,104.6467,106.6614,110.44,109.8607,113.855,122.0076
DA,BII,C3-exo,115,1.5962,1.4284,1.5172,1.443,1.5294,1.4449,1.5322,1.5249,1.4099,1.4601,1.6129,103.9536,119.6871,121.2362,109.5798,114.9563,105.488,110.4954,104.7581,113.491,104.5211,106.5849,108.0629,109.2499,113.5421,123.2739
DA,BII,C4-endo,102,1.6001,1.4294,1.5157,1.4407,1.5227,1.445,1.5257,1.5257,1.4151,1.4603,1.6096,103.0515,119.7305,121.0722,109.1859,114.6479,104.404,111.3093,103.818,112.8012,104.3301,107.6798,109.1174,109.3063,113.3747,122.3305
DA,BII,C4-exo,20,1.5988,1.43,1.5145,1.4443,1.5226,1.4287,1.5244,1.5284,1.4202,1.4676,1.5956,104.5379,119.7358,119.528,109.6053,114.3684,105.6974,110.4691,104.536,112.8582,105.0451,107.7832,110.2512,109.4654,113.289,122.0083
DA,BII,O4-endo,238,1.5968,1.4263,1.5155,1.4473,1.521,1.4276,1.5235,1.5272,1.4201,1.4594,1.6047,103.4186,119.5763,120.256,109.3861,114.7845,104.7998,109.8533,102.1056,111.8053,101.9693,106.8861,109.9466,107.9933,114.3288,121.151
DA,BII,O4-exo,174,1.5963,1.4264,1.515,1.4464,1.5208,1.4292,1.5227,1.5265,1.4186,1.463,1.6064,103.2025,119.8762,120.6123,109.6837,114.7919,104.5788,110.321,102.1856,112.1937,102.656,107.2259,109.8046,108.6362,114.059,121.6565
DC,BI,C1-endo,303,1.5969,1.4214,1.5146,1.4478,1.5237,1.423,1.5239,1.5221,1.4173,1.499,1.6046,103.2859,119.6835,119.9392,109.4425,114.3595,106.2518,109.922,103.8073,111.8408,102.7578,106.7361,110.506,109.1103,114.9355,120.2671
DC,BI,C1-exo,9681,1.5949,1.4256,1.513,1.45,1.5275,1.4239,1.5229,1.5202,1.4158,1.483,1.6044,102.847,119.8848,119.9414,109.8256,114.413,106.1399,109.4179,103.3759,111.642,101.8437,105.6738,109.75,108.194,114.6575,120.5072
DC,BI,C2-endo,7308,1.5953,1.4229,1.513,1.4463,1.5299,1.4213,1.5293,1.5196,1.4075,1.4866,1.6038,102.9208,120.2212,119.6876,109.8917,114.6657,106.247,109.0474,104.3439,111.9682,102.448,104.9547,108.362,108.3616,114.5789,120.8394
DC,BI,C2-exo,52,1.6069,1.425,1.5224,1.4505,1.5321,1.4251,1.5275,1.5213,1.418,1.5059,1.6057,103.7851,119.5886,119.953,109.6495,114.7105,106.4687,110.5228,105.6514,110.8374,104.34,106.8162,110.5785,109.3859,115.2263,120.1535
DC,BI,C3-endo,18,1.6254,1.4426,1.5354,1.4558,1.54,1.4325,1.5354,1.5241,1.4277,1.5043,1.6168,103.6045,119.1385,121.9691,110.0163,114.828,105.9922,111.3396,105.4753,110.9528,106.2714,107.0851,111.0089,109.5817,113.7933,118.7424
DC,BI,C3-exo,3003,1.5954,1.422,1.513,1.4392,1.5254,1.4222,1.5327,1.5247,1.4064,1.4851,1.6033,103.109,120.2742,119.7821,109.8404,114.7643,105.1188,109.2882,104.4822,111.9333,104.1063,105.8245,107.312,108.4603,114.2861,120.8801
DC,BI,C4-endo,2348,1.5974,1.4234,1.5142,1.439,1.5185,1.4216,1.5268,1.527,1.415,1.4849,1.6042,103.3648,119.9978,120.1219,109.7089,114.8235,104.2337,109.8433,103.0566,111.1664,104.2015,107.3952,108.4371,108.7685,114.1444,120.4192
DC,BI,C4-exo,74,1.5973,1.4298,1.514,1.4429,1.5231,1.4284,1.5237,1.526,1.4192,1.4881,1.6084,103.3647,119.8038,119.8098,108.9213,114.2766,105.2439,111.0864,104.0975,111.5834,105.0229,107.5878,110.1027,109.0231,112.8797,120.2817
DC,BI,O4-endo,1873,1.6256,1.4217,1.5111,1.4464,1.5217,1.4272,1.5206,1.526,1.4202,1.4824,1.6064,102.9114,119.712,119.4008,108.526,114.1325,105.2545,110.1246,102.6607,112.4114,102.8377,106.9641,110.2804,108.1246,113.9006,120.3226
DC,BI,O4-exo,3395,1.5978,1.4237,1.5143,1.4447,1.5184,1.4211,1.5213,1.525,1.4212,1.4882,1.6027,103.4246,119.815,120.3037,109.6676,114.8591,104.4022,110.1085,102.0361,111.3689,102.5544,107.2448,109.5377,108.8705,113.9695,120.2924
DC,BII,C1-endo,42,1.6004,1.4261,1.5175,1.4509,1.526,1.4357,1.5258,1.5252,1.4174,1.5079,1.6094,103.8955,119.566,120.4748,109.1701,114.5892,105.9703,110.3539,103.5501,112.9196,102.3368,106.8942,110.4191,108.7626,115.1838,121.278
DC,BII,C1-exo,3914,1.596,1.427,1.5144,1.4517,1.5292,1.4195,1.5215,1.5184,1.4145,1.4815,1.6016,103.096,120.0718,120.3045,110.0275,114.6816,105.7079,109.2505,102.7734,109.8917,100.0738,104.9677,108.6872,108.9372,115.5212,120.6819
DC,BII,C2-endo,1105,1.5962,1.4246,1.5139,1.449,1.5322,1.4188,1.525,1.5184,1.4078,1.4853,1.6014,102.9297,120.224,120.117,109.9279,114.7096,105.9669,109.3943,103.7201,110.3808,100.7043,104.0554,107.3878,109.536,115.2009,121.0413
DC,BII,C3-exo,183,1.5986,1.4256,1.5142,1.4409,1.5265,1.4314,1.5319,1.5258,1.4088,1.4864,1.6061,103.2152,120.0938,120.566,109.3616,114.6798,105.1459,110.6264,104.578,112.4093,104.1866,106.1691,107.4129,109.0549,114.3242,122.1987
DC,BII,C4-endo,172,1.5988,1.4241,1.5144,1.4404,1.52,1.4352,1.5285,1.529,1.4151,1.4904,1.6097,103.642,119.6259,120.3764,109.507,114.7943,104.1496,110.6512,103.2134,112.4585,104.2656,107.2785,108.5056,108.9401,114.0965,121.8149
DC,BII,O4-endo,197,1.5991,1.4269,1.5149,1.4472,1.5211,1.4271,1.5227,1.5262,1.4199,1.4824,1.6068,102.9199,119.1608,119.9244,109.1013,114.8096,104.7444,110.0142,102.0082,112.2164,101.7172,106.8254,109.9232,108.4983,114.7804,121.8727
DC,BII,O4-exo,205,1.6005,1.4237,1.5158,1.4463,1.5218,1.4355,1.5218,1.5272,1.4195,1.493,1.6041,103.7124,119.741,120.362,109.4094,114.8076,104.6006,111.1033,102.0926,112.9231,102.6785,107.2733,109.6662,109.2547,113.9235,122.2007
DG,BI,C1-endo,373,1.5989,1.4215,1.5161,1.4482,1.5244,1.4233,1.5218,1.5198,1.4175,1.465,1.6038,103.0952,119.4218,120.3075,109.2387,114.4587,106.0649,110.196,103.2779,111.5025,102.1326,106.4531,110.0404,108.9179,114.1491,120.3034
DG,BI,C1-exo,16067,1.5948,1.4246,1.5135,1.4498,1.5268,1.4237,1.524,1.5201,1.4163,1.4605,1.6036,102.8628,119.9681,120.028,109.8623,114.6924,106.0278,108.8795,103.2713,111.8666,101.7025,105.7967,109.8297,108.0187,114.6032,120.767
DG,BI,C2-endo,5462,1.5955,1.4218,1.5132,1.4466,1.5305,1.422,1.5295,1.5186,1.4071,1.4597,1.6034,103.0168,120.1735,119.839,109.7743,114.7687,106.2431,108.8715,104.2267,112.106,102.1733,104.9285,108.2845,108.4873,114.4386,121.1078
DG,BI,C2-exo,58,1.5976,1.422,1.5139,1.4433,1.5244,1.422,1.5258,1.5179,1.4114,1.4656,1.6037,103.3053,119.6846,120.525,109.6438,114.565,106.7583,109.586,105.5254,111.1719,104.0786,106.953,110.0156,109.2965,114.2909,119.3832
DG,BI,C3-endo,21,1.6065,1.4331,1.5199,1.4424,1.5228,1.4263,1.5245,1.5201,1.4179,1.4703,1.6109,105.4246,119.1293,120.8968,108.9968,114.3904,106.348,111.107,105.3906,110.5624,105.7883,107.1529,110.148,110.0675,112.0893,119.6372
DG,BI,C3-exo,1211,1.5958,1.4233,1.5135,1.4398,1.5264,1.4245,1.5316,1.5233,1.4064,1.4582,1.6036,103.2067,120.0704,119.9661,109.6865,114.7475,105.2107,109.5771,104.5428,111.9159,104.1451,105.8495,107.4193,108.6733,113.8261,120.8401
DG,BI,C4-endo,1087,1.5968,1.4231,1.5142,1.439,1.5194,1.4223,1.5263,1.5262,1.4135,1.4586,1.6039,103.3937,119.8326,120.1771,109.4136,114.8893,104.2264,109.9345,103.0923,110.767,104.135,107.5511,108.5955,108.6519,113.7774,120.4597
DG,BI,C4-exo,103,1.5958,1.4234,1.5146,1.4432,1.5205,1.4261,1.5254,1.5269,1.418,1.4638,1.607,103.0108,119.3927,119.3319,109.289,114.7798,104.8219,109.4455,103.4477,112.5772,104.5425,107.5426,109.7577,108.5357,113.5383,120.6027
DG,BI,O4-endo,3077,1.5955,1.4231,1.5137,1.4471,1.5212,1.4266,1.5236,1.5264,1.4211,1.4616,1.6052,102.9043,119.802,119.7501,109.3406,114.7882,105.101,109.0666,102.5554,112.4682,102.5314,106.9348,110.2456,107.7972,114.3648,120.8798
DG,BI,O4-exo,2831,1.5975,1.4236,1.5142,1.4443,1.5191,1.4213,1.5209,1.5243,1.4212,1.4613,1.603,103.6122,119.8532,120.2564,109.6713,115.002,104.4636,110.0776,101.8904,111.2694,102.3446,107.2248,109.4897,108.5959,113.6201,120.3007
DG,BII,C1-endo,58,1.6022,1.4303,1.5146,1.4475,1.5321,1.4352,1.523,1.5225,1.4201,1.4643,1.6071,103.5903,119.3511,120.769,109.4554,114.3683,106.133,110.6602,103.3027,113.2171,102.2838,106.5129,110.1352,108.9591,113.9598,122.0359
DG,BII,C1-exo,4166,1.5953,1.4259,1.5141,1.451,1.5296,1.4183,1.5212,1.5171,1.4144,1.458,1.6001,103.0494,120.1934,120.3538,109.9294,114.8063,105.5615,108.9226,102.6508,109.5646,99.631,105.0154,108.5152,109.0782,115.376,120.9004
DG,BII,C2-endo,783,1.5953,1.4238,1.5129,1.4497,1.5333,1.4203,1.5246,1.5163,1.4067,1.4583,1.5996,102.997,120.2533,120.1078,109.7045,114.8747,105.8992,109.2604,103.5749,110.1948,100.1576,104.1218,107.0608,109.9142,115.1117,121.2468
DG,BII,C3-exo,122,1.6016,1.4312,1.5164,1.4401,1.528,1.4434,1.5323,1.5261,1.4092,1.4604,1.6109,103.3939,119.5047,121.1976,109.3233,114.8691,105.0922,111.1052,104.7075,113.8347,104.2527,106.3405,107.7878,108.7701,114.4617,124.5761
DG,BII,C4-endo,125,1.5984,1.427,1.5152,1.4406,1.5201,1.4405,1.5262,1.5278,1.4157,1.4601,1.6081,103.5637,119.5074,120.9091,109.1772,114.6823,104.3672,111.1047,103.3447,112.6357,104.2481,107.5154,108.7164,108.8001,113.5909,122.9129
DG,BII,C4-exo,13,1.5805,1.425,1.5157,1.4436,1.5222,1.4306,1.5271,1.5384,1.4153,1.4633,1.6029,104.5414,116.385,121.8915,109.6269,114.6521,105.0376,110.6751,103.7524,112.6405,104.2968,107.7013,109.3694,109.1452,113.8762,122.1412
DG,BII,O4-endo,249,1.5985,1.4255,1.5157,1.4476,1.5209,1.4245,1.5217,1.5271,1.4203,1.4587,1.6036,103.3468,119.8968,120.3183,109.2554,114.9437,104.5297,109.3307,101.9018,111.2567,101.3551,106.8256,109.7515,108.3023,114.5806,121.0812
DG,BII,O4-exo,202,1.5975,1.4236,1.513,1.4444,1.5206,1.4317,1.5248,1.5265,1.4197,1.4629,1.6089,103.6304,119.9121,120.3513,109.549,114.7726,105.1113,110.1935,102.5593,112.7763,103.0255,107.392,109.9792,108.5748,114.3772,122.1045
DT,BI,C1-endo,159,1.5975,1.419,1.5134,1.4486,1.5236,1.4236,1.5233,1.5223,1.4179,1.4986,1.6039,103.539,119.433,119.7846,109.2642,114.0482,106.1565,109.894,103.626,112.0794,102.5077,106.5618,110.349,108.8918,114.761,120.2183
DT,BI,C1-exo,12136,1.595,1.4242,1.5131,1.4499,1.5272,1.4241,1.5242,1.52,1.4157,1.486,1.6037,102.9934,119.8956,119.928,109.9307,114.6866,106.1023,108.9279,103.3536,111.8765,101.724,105.6175,109.751,107.9719,115.0876,120.657
DT,BI,C2-endo,8999,1.595,1.4214,1.5126,1.4454,1.5298,1.4223,1.5315,1.5194,1.4086,1.4883,1.6024,102.9931,120.2803,119.6165,109.8903,114.81,106.2238,108.5253,104.3586,112.3769,102.3338,104.9127,108.4241,107.9065,115.3011,121.0957
DT,BI,C2-exo,33,1.5968,1.421,1.516,1.4462,1.5287,1.4289,1.5293,1.5225,1.4108,1.5003,1.6083,103.5188,119.9654,119.7241,108.8783,114.2252,106.94,109.8938,105.1915,111.2552,104.5243,106.8203,110.3636,109.1499,114.9883,120.7567
DT,BI,C3-endo,16,1.5927,1.4254,1.512,1.4442,1.5266,1.4248,1.5237,1.5194,1.4131,1.489,1.5976,103.0842,119.9618,119.3217,108.7324,113.6964,106.6795,110.8228,105.3404,111.2562,105.8587,107.2748,110.238,108.99,113.6402,119.4052
DT,BI,C3-exo,2404,1.5956,1.4216,1.513,1.4385,1.5257,1.4231,1.5341,1.5244,1.408,1.4865,1.6026,103.1925,120.1758,119.8102,109.9419,114.6866,105.1491,108.9034,104.5419,112.3126,103.9473,105.7335,107.2457,108.3208,114.7946,121.0075
DT,BI,C4-endo,1407,1.5968,1.4221,1.5131,1.4367,1.5182,1.4236,1.5282,1.5278,1.4143,1.4851,1.6042,103.3535,119.9867,120.2154,109.6562,114.4307,104.2222,109.4022,103.2278,111.0522,104.1069,107.4087,108.5091,108.6551,114.6071,120.6454
DT,BI,C4-exo,53,1.5976,1.4264,1.5165,1.4424,1.5192,1.426,1.5276,1.5302,1.4193,1.4939,1.6068,103.089,119.453,119.8453,110.1363,114.6369,105.0981,109.7134,103.6276,112.3222,104.7175,107.3562,109.942,108.391,113.8881,120.4423
DT,BI,O4-endo,2353,1.5927,1.4189,1.51,1.4458,1.5212,1.4284,1.5211,1.5262,1.4198,1.4848,1.607,102.9315,119.7284,119.4869,108.2641,114.2489,105.2344,109.7051,102.5408,112.4875,102.7244,106.9063,110.2897,107.8581,114.4423,120.3617
DT,BI,O4-exo,2009,1.5977,1.4242,1.5147,1.4447,1.5185,1.4206,1.522,1.5259,1.4206,1.4901,1.6034,103.7174,119.9522,120.3754,109.6383,114.8132,104.4287,110.1038,102.1382,111.4033,102.5235,107.3465,109.5698,108.8627,113.8931,120.2613
DT,BII,C1-endo,53,1.5935,1.42,1.5144,1.4471,1.5265,1.436,1.5163,1.5208,1.4207,1.4935,1.6076,102.925,119.3637,120.6642,109.1616,113.5984,105.8947,111.1714,103.2588,113.9882,101.9978,106.1983,110.0048,108.6037,114.5785,121.5428
DT,BII,C1-exo,3537,1.5958,1.4267,1.5141,1.4511,1.5289,1.4196,1.5214,1.5182,1.4147,1.4822,1.6012,103.0508,119.9477,120.2732,109.9549,114.7794,105.6935,109.2809,102.7091,109.813,100.0929,104.9772,108.7573,108.8132,115.5025,120.7652
DT,BII,C2-endo,847,1.5962,1.4243,1.5145,1.4486,1.5318,1.4192,1.5257,1.5176,1.4082,1.4865,1.6,103.0358,120.0001,120.3156,110.0452,114.9428,105.9735,109.303,103.7274,110.2695,100.6792,104.108,107.4015,109.5378,115.1918,121.2364
DT,BII,C2-exo,16,1.6001,1.4258,1.5163,1.4454,1.528,1.435,1.532,1.5279,1.4124,1.5074,1.6086,103.4491,119.8333,120.5539,108.9017,114.4424,107.2365,109.6724,105.2527,111.3937,104.4361,106.9157,110.3368,109.4152,116.1248,122.5677
DT,BII,C3-endo,10,1.6049,1.4349,1.5137,1.4448,1.5293,1.431,1.523,1.5221,1.4173,1.4941,1.6129,102.6764,118.8496,121.1859,109.8739,115.3171,106.6691,111.226,105.3676,112.1359,106.0475,107.3516,110.5279,108.6772,112.757,123.3439
DT,BII,C3-exo,165,1.5983,1.4272,1.5152,1.44,1.5269,1.441,1.5319,1.5259,1.4118,1.4939,1.6089,103.1919,119.545,121.1227,109.3805,114.6765,105.267,111.0527,104.7174,113.725,104.4681,106.3044,107.9696,108.9569,114.3455,123.0366
DT,BII,C4-endo,180,1.599,1.4264,1.5139,1.4398,1.52,1.4384,1.5279,1.5287,1.4154,1.4898,1.6071,103.4924,119.912,120.4938,109.5412,114.7477,104.1901,111.0014,103.3111,112.6689,104.2056,107.4145,108.4558,108.8984,114.2861,122.0621
DT,BII,C4-exo,12,1.5986,1.4232,1.5195,1.4452,1.5225,1.4322,1.5278,1.533,1.4167,1.5036,1.6057,104.0654,119.0954,120.7643,109.5099,114.6067,105.3768,111.295,103.7627,112.1343,105.0458,107.3612,110.0676,108.6445,113.7334,120.8879
DT,BII,O4-endo,249,1.5975,1.4254,1.5149,1.4471,1.5229,1.427,1.5215,1.5263,1.4208,1.4866,1.6061,103.4559,119.727,120.0211,108.7621,114.8531,104.7964,109.6317,102.0377,111.4246,101.9631,106.8414,109.9223,108.3764,114.523,121.1267
DT,BII,O4-exo,230,1.5973,1.4249,1.5161,1.4476,1.5202,1.4338,1.5236,1.5273,1.4201,1.4959,1.6074,103.4671,119.6649,120.3404,109.7124,114.6383,104.763,110.5742,102.3311,112.6908,102.6348,107.2567,109.7922,109.0135,114.1356,121.6767
