kind	relative_path	size_bytes	sha256
integrity_report	M2E_GB3_CORRUPTION_RERUN_VALIDATION_v1.json	2750	9b1a255b19704d4bf1971c78dee4b9b7e4d31ae3833a162ed3d169c769b68dda
experimental_source_pdf	M2E_candidate_references/GB3_Roche_2016_SI.pdf	46396	331290e74be38ffe04168fbcd341deb06ba8978b8d2bb3ad2274b3e3266628d1
experimental_source_pdf	M2E_candidate_references/UBQ_Wang_Bax_1996_SI.pdf	1302166	442b9c0b9582150f46bfc9e639c67e51ccf484f8e91f0f6fd6305f69ab375259
topology	frozen_inputs/M2-GB3/prepared.pdb	800000	cbb3e5ae180c5c938ebfc339d5cfcf17140f5047a2e052a594f6f6b590e32d31
nmr_reference_table	M2E_TRAJECTORY_CHECK_v1_0_1/M2E_GB3_TableS1_transcription_v1.tsv	961	06f181f91d2cdedd7632148db8f5ebddd67c7c04c8bc836f057f59b2949b5034
audit	m2d_pilot_out_v101_GB3_corruption_rerun_v1/M2-GB3/AMBER_FIXED/seed_2026092201/PILOT_AUDIT.json	1420	4e8619d97f78869d60d7c179b373b1b0dbb311a8b78e3b3e09f7eaf0f5e480b3
trajectory	m2d_pilot_out_v101_GB3_corruption_rerun_v1/M2-GB3/AMBER_FIXED/seed_2026092201/trajectory_chunk_00.dcd	1185956	24c46a2cde998f4f22615015313d9d6f378ac4328d8100ddc212408177a431de
thermodynamic_report	m2d_pilot_out_v101_GB3_corruption_rerun_v1/M2-GB3/AMBER_FIXED/seed_2026092201/state_chunk_00.tsv	7261	c0e4378ef28b83e06cccb6b26e2323f0e12a6cfc0df9ea5eb2d07d8f4bd2d5a8
trajectory	m2d_pilot_out_v101_GB3_corruption_rerun_v1/M2-GB3/AMBER_FIXED/seed_2026092201/trajectory_chunk_01.dcd	1185956	664ee3195655045767c246e0304c5a1b571bd4a643127dc32da13f9ba975e021
thermodynamic_report	m2d_pilot_out_v101_GB3_corruption_rerun_v1/M2-GB3/AMBER_FIXED/seed_2026092201/state_chunk_01.tsv	7319	fe47f298de2ef228973667a68a44c76483b1464423041e17f931111174be3145
trajectory	m2d_pilot_out_v101_GB3_corruption_rerun_v1/M2-GB3/AMBER_FIXED/seed_2026092201/trajectory_chunk_02.dcd	1185956	2e5f3fd37850810e5fb5e5006790c4092e4485f1ce51430e744d3624195698f3
thermodynamic_report	m2d_pilot_out_v101_GB3_corruption_rerun_v1/M2-GB3/AMBER_FIXED/seed_2026092201/state_chunk_02.tsv	7301	cfd4cc73cc1d0f3644513901636e107e55b0c8ca894b0c6b42e9689470930f98
trajectory	m2d_pilot_out_v101_GB3_corruption_rerun_v1/M2-GB3/AMBER_FIXED/seed_2026092201/trajectory_chunk_03.dcd	1185956	b2947118efa42e43eb4cdc761de1c425c9e55982af288e597f7bdee6ca1a6a8f
thermodynamic_report	m2d_pilot_out_v101_GB3_corruption_rerun_v1/M2-GB3/AMBER_FIXED/seed_2026092201/state_chunk_03.tsv	7330	7fad6e9debbb01ae98a125cc3bc9231fa59300ce02bab603cbf6d920b8e3fee2
trajectory	m2d_pilot_out_v101_GB3_corruption_rerun_v1/M2-GB3/AMBER_FIXED/seed_2026092201/trajectory_chunk_04.dcd	1185956	044a645031d012d3937d6b81e7050ac67a384c90d3416c268b5b15144d9cd928
thermodynamic_report	m2d_pilot_out_v101_GB3_corruption_rerun_v1/M2-GB3/AMBER_FIXED/seed_2026092201/state_chunk_04.tsv	7309	1af49f9f2696493c25bc250e3d5001574a7bb98d50107f21a6f076b93b7fc1d6
trajectory	m2d_pilot_out_v101_GB3_corruption_rerun_v1/M2-GB3/AMBER_FIXED/seed_2026092201/trajectory_chunk_05.dcd	1185956	fc652e99c3504cce7773d3b64e63a0673bd136c618d341c2c4d570ef8fc337cb
thermodynamic_report	m2d_pilot_out_v101_GB3_corruption_rerun_v1/M2-GB3/AMBER_FIXED/seed_2026092201/state_chunk_05.tsv	7314	2db1742b04c99a20b8cb33e1343026df009fcf9baa6c27b36199aa08523e7e19
trajectory	m2d_pilot_out_v101_GB3_corruption_rerun_v1/M2-GB3/AMBER_FIXED/seed_2026092201/trajectory_chunk_06.dcd	1185956	176a0566d0cb48a52c4dbdd11314fd3f25e1cfdcc31a0ff5b3eb2e9d30e41a91
thermodynamic_report	m2d_pilot_out_v101_GB3_corruption_rerun_v1/M2-GB3/AMBER_FIXED/seed_2026092201/state_chunk_06.tsv	7320	124325e7e9b09b3d20064c3237dc4f6254b1404cf9c3387d8c871afa6c966be2
trajectory	m2d_pilot_out_v101_GB3_corruption_rerun_v1/M2-GB3/AMBER_FIXED/seed_2026092201/trajectory_chunk_07.dcd	1185956	671bcf6f743c33f0008763b75d9e6431edd67cd6de53a0cc3cf085fe413761a3
thermodynamic_report	m2d_pilot_out_v101_GB3_corruption_rerun_v1/M2-GB3/AMBER_FIXED/seed_2026092201/state_chunk_07.tsv	7321	2512a1bf6b0f8725db6454a1800ee257692f3da3fad20e0aa3e4a17bd091cbb1
trajectory	m2d_pilot_out_v101_GB3_corruption_rerun_v1/M2-GB3/AMBER_FIXED/seed_2026092201/trajectory_chunk_08.dcd	1185956	36ec9a1e4299293f225ca3a746e406b04ac9cd4a80f7785763c3faec1c40701f
thermodynamic_report	m2d_pilot_out_v101_GB3_corruption_rerun_v1/M2-GB3/AMBER_FIXED/seed_2026092201/state_chunk_08.tsv	7328	6cf75b8fc7a48cbed6e6990c2cb4aefab8358aeafea0e1699dae4b1d246e253c
trajectory	m2d_pilot_out_v101_GB3_corruption_rerun_v1/M2-GB3/AMBER_FIXED/seed_2026092201/trajectory_chunk_09.dcd	1185956	f3e36a8db54aef29e39eabeafbf3bf42956a0cff54fbc34ac0962340f607a7d4
thermodynamic_report	m2d_pilot_out_v101_GB3_corruption_rerun_v1/M2-GB3/AMBER_FIXED/seed_2026092201/state_chunk_09.tsv	7335	267b60d8d25e4a28139776d9915c296d23714a853139dfb0b4a99288b2ef2cde
audit	m2d_pilot_out_v101_GB3_corruption_rerun_v1/M2-GB3/AMBER_FIXED/seed_2026092202/PILOT_AUDIT.json	1419	1e9a54dc5243f36307497b9ab45d3c2641c1a31c99f9e6e1024fc84f8ae6e58a
trajectory	m2d_pilot_out_v101_GB3_corruption_rerun_v1/M2-GB3/AMBER_FIXED/seed_2026092202/trajectory_chunk_00.dcd	1185956	d76b8b89b1ab861a7c9903f7ca194183a3451f4dd904da60ebaacb2723011e09
thermodynamic_report	m2d_pilot_out_v101_GB3_corruption_rerun_v1/M2-GB3/AMBER_FIXED/seed_2026092202/state_chunk_00.tsv	7277	17d2adb69ff6725d4499097ae595b3bf482ab7dbd5db5cab0bdffde4e1c88707
trajectory	m2d_pilot_out_v101_GB3_corruption_rerun_v1/M2-GB3/AMBER_FIXED/seed_2026092202/trajectory_chunk_01.dcd	1185956	2ebe3ed10d19ead14a3427ebf8e332edd45d8d5b76b0009c17af3ae4de64db03
thermodynamic_report	m2d_pilot_out_v101_GB3_corruption_rerun_v1/M2-GB3/AMBER_FIXED/seed_2026092202/state_chunk_01.tsv	7322	2477900f1f6cb2e3c622428c1a0b603487d8760543fd9ecdd0fcc6e019ebd43e
trajectory	m2d_pilot_out_v101_GB3_corruption_rerun_v1/M2-GB3/AMBER_FIXED/seed_2026092202/trajectory_chunk_02.dcd	1185956	239a2abcd2fc3ada5053f19d6600930aff1824bef15e7d0c7e1a513f76e26200
thermodynamic_report	m2d_pilot_out_v101_GB3_corruption_rerun_v1/M2-GB3/AMBER_FIXED/seed_2026092202/state_chunk_02.tsv	7344	d41e75a7b6119f994ac375db81157c02274b311041b69a4837e0f720abc8fccc
trajectory	m2d_pilot_out_v101_GB3_corruption_rerun_v1/M2-GB3/AMBER_FIXED/seed_2026092202/trajectory_chunk_03.dcd	1185956	6430d6ea7900ed450454dfb630ab50ca4374115667d2121d1990d8cf7d3ab9ae
thermodynamic_report	m2d_pilot_out_v101_GB3_corruption_rerun_v1/M2-GB3/AMBER_FIXED/seed_2026092202/state_chunk_03.tsv	7347	0bac6d1c16c215f84e7747b1fc17c00ca86467b9be24587789b1d066c120ebd3
trajectory	m2d_pilot_out_v101_GB3_corruption_rerun_v1/M2-GB3/AMBER_FIXED/seed_2026092202/trajectory_chunk_04.dcd	1185956	653163d126bf3ef6e4d02bbff8963ec176830ec352e360778005b88698457c24
thermodynamic_report	m2d_pilot_out_v101_GB3_corruption_rerun_v1/M2-GB3/AMBER_FIXED/seed_2026092202/state_chunk_04.tsv	7339	32999c36214c0d37b14c4daf3dade2246455426e20a5079988080ac16bbf9ea9
trajectory	m2d_pilot_out_v101_GB3_corruption_rerun_v1/M2-GB3/AMBER_FIXED/seed_2026092202/trajectory_chunk_05.dcd	1185956	5e2557ea69802546a62522a95788c3e7810ff62f3931dda8ce6880cf9f263f37
thermodynamic_report	m2d_pilot_out_v101_GB3_corruption_rerun_v1/M2-GB3/AMBER_FIXED/seed_2026092202/state_chunk_05.tsv	7323	515c29765d8f0220bb496c806a3582be0b202ff46027490e21bd7ae6f176f7b8
trajectory	m2d_pilot_out_v101_GB3_corruption_rerun_v1/M2-GB3/AMBER_FIXED/seed_2026092202/trajectory_chunk_06.dcd	1185956	4b5a70727dd5978b39d7f9b7013b85935f041af8372b365948452bb50bf30429
thermodynamic_report	m2d_pilot_out_v101_GB3_corruption_rerun_v1/M2-GB3/AMBER_FIXED/seed_2026092202/state_chunk_06.tsv	7316	ed9405718f2346ba96639ecf7672b89897e381b5b09a9d47269677ea01b608a2
trajectory	m2d_pilot_out_v101_GB3_corruption_rerun_v1/M2-GB3/AMBER_FIXED/seed_2026092202/trajectory_chunk_07.dcd	1185956	0aead7b027c90a7554b1d57cd154dae07c645c2f62ca32b17feff7473d7e620b
thermodynamic_report	m2d_pilot_out_v101_GB3_corruption_rerun_v1/M2-GB3/AMBER_FIXED/seed_2026092202/state_chunk_07.tsv	7323	9ff8876a2a0dff30c7b1085766260ed701f01edb469fa51d83f8c0b79d882e41
trajectory	m2d_pilot_out_v101_GB3_corruption_rerun_v1/M2-GB3/AMBER_FIXED/seed_2026092202/trajectory_chunk_08.dcd	1185956	e40a4fe30d378b4bbc7a88b31e6030b351a87df5ea7d5cc6b1d5e3d63f03805c
thermodynamic_report	m2d_pilot_out_v101_GB3_corruption_rerun_v1/M2-GB3/AMBER_FIXED/seed_2026092202/state_chunk_08.tsv	7325	321d7637f0a8aa9dcee08b7dc4ce54be2043648a92e2236d77bd8471507ae0cf
trajectory	m2d_pilot_out_v101_GB3_corruption_rerun_v1/M2-GB3/AMBER_FIXED/seed_2026092202/trajectory_chunk_09.dcd	1185956	1a16b4efc42cf63a5b7fd688bcc559e96b8735982767cff4357fbcef059fffda
thermodynamic_report	m2d_pilot_out_v101_GB3_corruption_rerun_v1/M2-GB3/AMBER_FIXED/seed_2026092202/state_chunk_09.tsv	7301	cee5d84d124fe145f4ff9ede3675d6c222540b8b331210e400eab00cf7fc18e5
audit	m2d_pilot_out_v101_GB3_corruption_rerun_v1/M2-GB3/AMBER_FIXED/seed_2026092203/PILOT_AUDIT.json	1417	91b1a70b5ab2e60eae7c78a80e6dcea34a3c321df170a94ea16e1f853f8882f8
trajectory	m2d_pilot_out_v101_GB3_corruption_rerun_v1/M2-GB3/AMBER_FIXED/seed_2026092203/trajectory_chunk_00.dcd	1185956	39db5ceb9215ec15cc09619fb27aa9a66b111bd3db3a3ebce18a87f06aaa9ea0
thermodynamic_report	m2d_pilot_out_v101_GB3_corruption_rerun_v1/M2-GB3/AMBER_FIXED/seed_2026092203/state_chunk_00.tsv	7268	ca29478cf14863950c6fc0e2c437205bdc015a5037374abf1abb5e89587a558e
trajectory	m2d_pilot_out_v101_GB3_corruption_rerun_v1/M2-GB3/AMBER_FIXED/seed_2026092203/trajectory_chunk_01.dcd	1185956	9521c1ad7c6032cdce51e0ff6f55c1d0b06783adf8841c542b7bb97b63ffd5d3
thermodynamic_report	m2d_pilot_out_v101_GB3_corruption_rerun_v1/M2-GB3/AMBER_FIXED/seed_2026092203/state_chunk_01.tsv	7329	6b9e0e1e288051308d255f061245603fee134a6cee0bc98056521d831fe3d88b
trajectory	m2d_pilot_out_v101_GB3_corruption_rerun_v1/M2-GB3/AMBER_FIXED/seed_2026092203/trajectory_chunk_02.dcd	1185956	0976fa07065885d0068a85c5267b98582263a77bec337d8953bbea60315aa0c7
thermodynamic_report	m2d_pilot_out_v101_GB3_corruption_rerun_v1/M2-GB3/AMBER_FIXED/seed_2026092203/state_chunk_02.tsv	7350	3d9852c99a13270533fbb286d98a5f10243ce34968d6d2fea45709906fa3b538
trajectory	m2d_pilot_out_v101_GB3_corruption_rerun_v1/M2-GB3/AMBER_FIXED/seed_2026092203/trajectory_chunk_03.dcd	1185956	8b010f3fdab1fd764d2f7e7b1b4e44e9b0b0767d4f13b0a43773678bacf23606
thermodynamic_report	m2d_pilot_out_v101_GB3_corruption_rerun_v1/M2-GB3/AMBER_FIXED/seed_2026092203/state_chunk_03.tsv	7334	31f83486f763dcc2cc6c1575f71b285a1971b470939e1205ae3297937c5b2548
trajectory	m2d_pilot_out_v101_GB3_corruption_rerun_v1/M2-GB3/AMBER_FIXED/seed_2026092203/trajectory_chunk_04.dcd	1185956	f2cfede892a5c3bb7c7f146c634c15be7b293cf94dd7a18f02899de0507ca8f3
thermodynamic_report	m2d_pilot_out_v101_GB3_corruption_rerun_v1/M2-GB3/AMBER_FIXED/seed_2026092203/state_chunk_04.tsv	7330	c89f5a611d56fa960a1835223226026050fadabc2e23aa524458f08505e28d64
trajectory	m2d_pilot_out_v101_GB3_corruption_rerun_v1/M2-GB3/AMBER_FIXED/seed_2026092203/trajectory_chunk_05.dcd	1185956	6dd63968cc3933446032ac55b63034abaa0f88325a2b4163282bc323180ceafe
thermodynamic_report	m2d_pilot_out_v101_GB3_corruption_rerun_v1/M2-GB3/AMBER_FIXED/seed_2026092203/state_chunk_05.tsv	7325	4478442623c13f2ac7ca11665e71455f0dde87b4896cc9a2ce0aede5c1b22009
trajectory	m2d_pilot_out_v101_GB3_corruption_rerun_v1/M2-GB3/AMBER_FIXED/seed_2026092203/trajectory_chunk_06.dcd	1185956	a3b3079660ef91087117ed0c9113d87c56f8f5017e60785ba36b89b484542276
thermodynamic_report	m2d_pilot_out_v101_GB3_corruption_rerun_v1/M2-GB3/AMBER_FIXED/seed_2026092203/state_chunk_06.tsv	7330	c3389a1736e01e654449a6781c1f3da94a10f266e327f65776dd4c012976945f
trajectory	m2d_pilot_out_v101_GB3_corruption_rerun_v1/M2-GB3/AMBER_FIXED/seed_2026092203/trajectory_chunk_07.dcd	1185956	8020f07dd92100a8371aa666ff81ed1bf63b488268792de118fc026a181291e3
thermodynamic_report	m2d_pilot_out_v101_GB3_corruption_rerun_v1/M2-GB3/AMBER_FIXED/seed_2026092203/state_chunk_07.tsv	7318	0b9ba5c0648bc1d70010384ae81580592d0a7904508248f7bed381a004f143be
trajectory	m2d_pilot_out_v101_GB3_corruption_rerun_v1/M2-GB3/AMBER_FIXED/seed_2026092203/trajectory_chunk_08.dcd	1185956	1ffa3ff0d1c9da0c6eab35ff6e887c510097e1832d7f71c28b7fdfa075df7e2a
thermodynamic_report	m2d_pilot_out_v101_GB3_corruption_rerun_v1/M2-GB3/AMBER_FIXED/seed_2026092203/state_chunk_08.tsv	7323	0f94c8821b0eb960841b253fb32655f383407578f4317babb7cc4c89d675f92c
trajectory	m2d_pilot_out_v101_GB3_corruption_rerun_v1/M2-GB3/AMBER_FIXED/seed_2026092203/trajectory_chunk_09.dcd	1185956	14cb475dc97b1acf8832cc9584de1546fa197ea1a3c1abb42bffec8729d169cf
thermodynamic_report	m2d_pilot_out_v101_GB3_corruption_rerun_v1/M2-GB3/AMBER_FIXED/seed_2026092203/state_chunk_09.tsv	7321	25d0c8e1674e78d4298fd02e71c72a401eb3456c1a6d756711efb59390678ef9
audit	m2d_pilot_out_v101_GB3_corruption_rerun_v1/M2-GB3/AMBER_MECHLIB_V1/seed_2026092201/PILOT_AUDIT.json	1425	976caff05a54a7f6e298dc54672477cd71d4039d780458a5be86a3f250d058bb
trajectory	m2d_pilot_out_v101_GB3_corruption_rerun_v1/M2-GB3/AMBER_MECHLIB_V1/seed_2026092201/trajectory_chunk_00.dcd	1185956	154d23c66e67f49a1f40e43ab309c150acb3fbde22fb1ca4191fce613275ed18
thermodynamic_report	m2d_pilot_out_v101_GB3_corruption_rerun_v1/M2-GB3/AMBER_MECHLIB_V1/seed_2026092201/state_chunk_00.tsv	7288	e34a544a4a08a12074ded8d6cdc008022a2349b26a896d3c25a6575b76353f1e
trajectory	m2d_pilot_out_v101_GB3_corruption_rerun_v1/M2-GB3/AMBER_MECHLIB_V1/seed_2026092201/trajectory_chunk_01.dcd	1185956	afef560acf93ad6a591afa05d732064817756d91bf6d1a7b64b67bf573fec8f7
thermodynamic_report	m2d_pilot_out_v101_GB3_corruption_rerun_v1/M2-GB3/AMBER_MECHLIB_V1/seed_2026092201/state_chunk_01.tsv	7306	ed7a71f45b76b24ce5122c3e96112cba46c6f606e9e9d36d68287c69f701e509
trajectory	m2d_pilot_out_v101_GB3_corruption_rerun_v1/M2-GB3/AMBER_MECHLIB_V1/seed_2026092201/trajectory_chunk_02.dcd	1185956	de018a082947d7dbb918a28f3f100989af5b238f66b8d8d5a653876c3567307a
thermodynamic_report	m2d_pilot_out_v101_GB3_corruption_rerun_v1/M2-GB3/AMBER_MECHLIB_V1/seed_2026092201/state_chunk_02.tsv	7242	72edc786ac6f2f1c7d888da26f9afb89ece9d8e7d41028abd8eb4340f6494f48
trajectory	m2d_pilot_out_v101_GB3_corruption_rerun_v1/M2-GB3/AMBER_MECHLIB_V1/seed_2026092201/trajectory_chunk_03.dcd	1185956	2d2fcaca834314c28f77a732af3182db33a8cfde454c18f430451779600f05fb
thermodynamic_report	m2d_pilot_out_v101_GB3_corruption_rerun_v1/M2-GB3/AMBER_MECHLIB_V1/seed_2026092201/state_chunk_03.tsv	7191	f038f15ae926fdc9ae7394e170393b85f1fc21341fa04cf7b347f385324cceeb
trajectory	m2d_pilot_out_v101_GB3_corruption_rerun_v1/M2-GB3/AMBER_MECHLIB_V1/seed_2026092201/trajectory_chunk_04.dcd	1185956	5a67c3dfa2b8a8ea78a3b8a1ffacb9293d4df423fb609672d2d87fec98c2bbcd
thermodynamic_report	m2d_pilot_out_v101_GB3_corruption_rerun_v1/M2-GB3/AMBER_MECHLIB_V1/seed_2026092201/state_chunk_04.tsv	7313	d1c3f1b3ae256f87e9bdc80a7698567fd044e79ceed1bbaaf8bd71721376f4ad
trajectory	m2d_pilot_out_v101_GB3_corruption_rerun_v1/M2-GB3/AMBER_MECHLIB_V1/seed_2026092201/trajectory_chunk_05.dcd	1185956	0fd6f9c3d83ef0c770cfc0a4332a571edef8be0277f904f547f8faee9c595e48
thermodynamic_report	m2d_pilot_out_v101_GB3_corruption_rerun_v1/M2-GB3/AMBER_MECHLIB_V1/seed_2026092201/state_chunk_05.tsv	7197	91bbd2fca7406e8e9bdf3c7bd11f19efc123f0f81674f489e34184bda483e16c
trajectory	m2d_pilot_out_v101_GB3_corruption_rerun_v1/M2-GB3/AMBER_MECHLIB_V1/seed_2026092201/trajectory_chunk_06.dcd	1185956	f73875f55099bc3c298177b99c9903f2bf6d443402a28419bfb616d7127bc6bf
thermodynamic_report	m2d_pilot_out_v101_GB3_corruption_rerun_v1/M2-GB3/AMBER_MECHLIB_V1/seed_2026092201/state_chunk_06.tsv	7217	46e7e29446334caadbeb1cdbfc2ecb5df064ec7f7d33f71fd2ab880374d170b2
trajectory	m2d_pilot_out_v101_GB3_corruption_rerun_v1/M2-GB3/AMBER_MECHLIB_V1/seed_2026092201/trajectory_chunk_07.dcd	1185956	0dbd8f4396ce6230926870e205dc58dbddee02822525529d451fab583a2af291
thermodynamic_report	m2d_pilot_out_v101_GB3_corruption_rerun_v1/M2-GB3/AMBER_MECHLIB_V1/seed_2026092201/state_chunk_07.tsv	7162	f2929249b017deb10a08c284a4a1a8ac1db4e548c9fe54985805c47e8647ddb4
trajectory	m2d_pilot_out_v101_GB3_corruption_rerun_v1/M2-GB3/AMBER_MECHLIB_V1/seed_2026092201/trajectory_chunk_08.dcd	1185956	e5bb49a39816e399da39fe75c7f9b69d01ff0a751e2c62329802c0f43fd0450a
thermodynamic_report	m2d_pilot_out_v101_GB3_corruption_rerun_v1/M2-GB3/AMBER_MECHLIB_V1/seed_2026092201/state_chunk_08.tsv	7184	ec0298c1d248aa7f5c58b4a3173a792d943dc0430da2df035141009c2a0013d2
trajectory	m2d_pilot_out_v101_GB3_corruption_rerun_v1/M2-GB3/AMBER_MECHLIB_V1/seed_2026092201/trajectory_chunk_09.dcd	1185956	a650ece39602e2a09e1511e341d6a5a341babb9d05ad8fdc2d5ecdab9fab3772
thermodynamic_report	m2d_pilot_out_v101_GB3_corruption_rerun_v1/M2-GB3/AMBER_MECHLIB_V1/seed_2026092201/state_chunk_09.tsv	7304	f5393ceaf2165afd80972dcc1907d63e2daf00b575b3d7d1919a156da8c529a9
audit	m2d_pilot_out_v101_GB3_corruption_rerun_v1/M2-GB3/AMBER_MECHLIB_V1/seed_2026092202/PILOT_AUDIT.json	1424	a350a937a0377f641b3131f7d56797a55b30effe2916dbc4e1350f7f777acd31
trajectory	m2d_pilot_out_v101_GB3_corruption_rerun_v1/M2-GB3/AMBER_MECHLIB_V1/seed_2026092202/trajectory_chunk_00.dcd	1185956	3f8518b10e6b9b9deeb820c3b77f039b73a34c4d1d11d42ab7bb87c9d9f3b4e3
thermodynamic_report	m2d_pilot_out_v101_GB3_corruption_rerun_v1/M2-GB3/AMBER_MECHLIB_V1/seed_2026092202/state_chunk_00.tsv	7264	dc0f9181f29b387b732e722bc2587157737a66ad05c4fe504b0549712d57512c
trajectory	m2d_pilot_out_v101_GB3_corruption_rerun_v1/M2-GB3/AMBER_MECHLIB_V1/seed_2026092202/trajectory_chunk_01.dcd	1185956	e6ff604170283ec1084c571292a1e12b2dde2da2f073f484576a8501cac49dd6
thermodynamic_report	m2d_pilot_out_v101_GB3_corruption_rerun_v1/M2-GB3/AMBER_MECHLIB_V1/seed_2026092202/state_chunk_01.tsv	7302	9532b4be7222ab79975eba9b7b87e0d38f36485178ba423ac1782e8f290bb3cc
trajectory	m2d_pilot_out_v101_GB3_corruption_rerun_v1/M2-GB3/AMBER_MECHLIB_V1/seed_2026092202/trajectory_chunk_02.dcd	1185956	579119b7c1936eac3a267edec7628770b031a67a05f756a988ba30592c69d518
thermodynamic_report	m2d_pilot_out_v101_GB3_corruption_rerun_v1/M2-GB3/AMBER_MECHLIB_V1/seed_2026092202/state_chunk_02.tsv	7202	6458ad3d213a47f578c5542069f86991d88ea8a279be59dff9dff3f15c0a4983
trajectory	m2d_pilot_out_v101_GB3_corruption_rerun_v1/M2-GB3/AMBER_MECHLIB_V1/seed_2026092202/trajectory_chunk_03.dcd	1185956	8d7aecb89d3e6aeac28e510dea44fd22f56f7aea271493f98b279254728ced56
thermodynamic_report	m2d_pilot_out_v101_GB3_corruption_rerun_v1/M2-GB3/AMBER_MECHLIB_V1/seed_2026092202/state_chunk_03.tsv	7231	f8aeebb0c7d742caa73de7da8b34ae75dd8c4fc5f3a54d07383febef54844f99
trajectory	m2d_pilot_out_v101_GB3_corruption_rerun_v1/M2-GB3/AMBER_MECHLIB_V1/seed_2026092202/trajectory_chunk_04.dcd	1185956	1cea3834deca9c6a945568e05e199853f681d642bf3f0994dc6e0e42f6c74a59
thermodynamic_report	m2d_pilot_out_v101_GB3_corruption_rerun_v1/M2-GB3/AMBER_MECHLIB_V1/seed_2026092202/state_chunk_04.tsv	7337	6434ea817260517eda24a4e8267ee0989acce9642a05ab4a4b0548bb55cf41f9
trajectory	m2d_pilot_out_v101_GB3_corruption_rerun_v1/M2-GB3/AMBER_MECHLIB_V1/seed_2026092202/trajectory_chunk_05.dcd	1185956	1d92be751b7b21ad553b0caf3b9236d1351fc0ca95a295181c2960d96007eb0e
thermodynamic_report	m2d_pilot_out_v101_GB3_corruption_rerun_v1/M2-GB3/AMBER_MECHLIB_V1/seed_2026092202/state_chunk_05.tsv	7339	503b1f2a36507e2f69e59c12f2d09f1f31c6155389bb4bc5eb92b26a0f038648
trajectory	m2d_pilot_out_v101_GB3_corruption_rerun_v1/M2-GB3/AMBER_MECHLIB_V1/seed_2026092202/trajectory_chunk_06.dcd	1185956	f035b9873decd5b7394f729c119f2622322355bb97d895450352567bb8a08d6a
thermodynamic_report	m2d_pilot_out_v101_GB3_corruption_rerun_v1/M2-GB3/AMBER_MECHLIB_V1/seed_2026092202/state_chunk_06.tsv	7193	cbb110bbcfa470ab984e9d1021c86be4a61a22f82d87cff4483635fe29162f09
trajectory	m2d_pilot_out_v101_GB3_corruption_rerun_v1/M2-GB3/AMBER_MECHLIB_V1/seed_2026092202/trajectory_chunk_07.dcd	1185956	ff7102c882ee73ed71d218274d7b260c80e4b38786e0782455b0ced5ce390d37
thermodynamic_report	m2d_pilot_out_v101_GB3_corruption_rerun_v1/M2-GB3/AMBER_MECHLIB_V1/seed_2026092202/state_chunk_07.tsv	7277	c757c25825a06ff53a40f1e84ee3dcf4442692de71a2ce7437ec940ac93a504b
trajectory	m2d_pilot_out_v101_GB3_corruption_rerun_v1/M2-GB3/AMBER_MECHLIB_V1/seed_2026092202/trajectory_chunk_08.dcd	1185956	7c9a616727b82898b963c23740e13f3a42b55337533cb3eb8b092502feb9e5b4
thermodynamic_report	m2d_pilot_out_v101_GB3_corruption_rerun_v1/M2-GB3/AMBER_MECHLIB_V1/seed_2026092202/state_chunk_08.tsv	7204	ae9696f42e709b7623f513a803aa5eb2625ccb8b22189affac536261db211af5
trajectory	m2d_pilot_out_v101_GB3_corruption_rerun_v1/M2-GB3/AMBER_MECHLIB_V1/seed_2026092202/trajectory_chunk_09.dcd	1185956	dad752bc79998745ab3067f83362926a792ad6c07c429e9ceaae7b30eddd580d
thermodynamic_report	m2d_pilot_out_v101_GB3_corruption_rerun_v1/M2-GB3/AMBER_MECHLIB_V1/seed_2026092202/state_chunk_09.tsv	7174	4067e4ee44d26f8160f138af10310a01858b9bde6d143bb68551de16fb27ee81
audit	m2d_pilot_out_v101_GB3_corruption_rerun_v1/M2-GB3/AMBER_MECHLIB_V1/seed_2026092203/PILOT_AUDIT.json	1421	9cf2378daac251e75bcc3e1e9b0987bf150d9529cc418c99f0dd078ec6491798
trajectory	m2d_pilot_out_v101_GB3_corruption_rerun_v1/M2-GB3/AMBER_MECHLIB_V1/seed_2026092203/trajectory_chunk_00.dcd	1185956	e7b1c978fba34f00498d5f788e90b4c4e2930a18310ab415ae9105db84cdd754
thermodynamic_report	m2d_pilot_out_v101_GB3_corruption_rerun_v1/M2-GB3/AMBER_MECHLIB_V1/seed_2026092203/state_chunk_00.tsv	7277	7d3324c1e8ce1d6113da6c6aaf1f62d5250b916d82353782e7d4765eb369a50d
trajectory	m2d_pilot_out_v101_GB3_corruption_rerun_v1/M2-GB3/AMBER_MECHLIB_V1/seed_2026092203/trajectory_chunk_01.dcd	1185956	b4b8182b16944fc354fbbe8d05755307badf1b4fc1c6b836774af88b5605d1c1
thermodynamic_report	m2d_pilot_out_v101_GB3_corruption_rerun_v1/M2-GB3/AMBER_MECHLIB_V1/seed_2026092203/state_chunk_01.tsv	7321	598776f124b0228b7921821d99bbc1f01aaa88987ddf43b1404dee2ea624a884
trajectory	m2d_pilot_out_v101_GB3_corruption_rerun_v1/M2-GB3/AMBER_MECHLIB_V1/seed_2026092203/trajectory_chunk_02.dcd	1185956	3a117762e3c3079302615759d5bacd6dcc52aed09a4d1beece5c323f45594432
thermodynamic_report	m2d_pilot_out_v101_GB3_corruption_rerun_v1/M2-GB3/AMBER_MECHLIB_V1/seed_2026092203/state_chunk_02.tsv	7353	0599b4e2a162a54fa74cb0434950f3aa77d047bf3e5da6e9288fce62327e8382
trajectory	m2d_pilot_out_v101_GB3_corruption_rerun_v1/M2-GB3/AMBER_MECHLIB_V1/seed_2026092203/trajectory_chunk_03.dcd	1185956	86f50d73a6b31d559f7b8a1959f4b6f6de0c8093d6a456f1a25f1fea1cc8fee4
thermodynamic_report	m2d_pilot_out_v101_GB3_corruption_rerun_v1/M2-GB3/AMBER_MECHLIB_V1/seed_2026092203/state_chunk_03.tsv	7342	c21ef79a77ce92d56d4507ce85d44cabcfd11988851270a9d28810c56ea27f7d
trajectory	m2d_pilot_out_v101_GB3_corruption_rerun_v1/M2-GB3/AMBER_MECHLIB_V1/seed_2026092203/trajectory_chunk_04.dcd	1185956	8319f8969e837bf99d30f2619652c3e0cff7f9a05df45397276c71b49317f51c
thermodynamic_report	m2d_pilot_out_v101_GB3_corruption_rerun_v1/M2-GB3/AMBER_MECHLIB_V1/seed_2026092203/state_chunk_04.tsv	7332	a9729164b43097b034c590702eec4229ece1a8403b878ffc117773f7dd71b68e
trajectory	m2d_pilot_out_v101_GB3_corruption_rerun_v1/M2-GB3/AMBER_MECHLIB_V1/seed_2026092203/trajectory_chunk_05.dcd	1185956	592c50d62cf1e1fa1d2f98da857751b18e344e2644651e1dfa1f9ec1018b5286
thermodynamic_report	m2d_pilot_out_v101_GB3_corruption_rerun_v1/M2-GB3/AMBER_MECHLIB_V1/seed_2026092203/state_chunk_05.tsv	7320	b9bbaac69b95d895b429962844ec68328f19b64b95f04b2b3604ee7c17f48d29
trajectory	m2d_pilot_out_v101_GB3_corruption_rerun_v1/M2-GB3/AMBER_MECHLIB_V1/seed_2026092203/trajectory_chunk_06.dcd	1185956	0f60e4d39c90098cff377ae58c76a62779f6c81ab05eb6a1ac3e9ff39bc12364
thermodynamic_report	m2d_pilot_out_v101_GB3_corruption_rerun_v1/M2-GB3/AMBER_MECHLIB_V1/seed_2026092203/state_chunk_06.tsv	7321	8fb57236747121c952be54139cdbe7b87a8d164c89be476f1fccffb569bc87fd
trajectory	m2d_pilot_out_v101_GB3_corruption_rerun_v1/M2-GB3/AMBER_MECHLIB_V1/seed_2026092203/trajectory_chunk_07.dcd	1185956	4dd061a4424d8c0270b7b7fa777e08e718bb1c9252d990621ec64164e91c27d2
thermodynamic_report	m2d_pilot_out_v101_GB3_corruption_rerun_v1/M2-GB3/AMBER_MECHLIB_V1/seed_2026092203/state_chunk_07.tsv	7314	ee58863c5a0bc7df296eb258a802b988650a0802a53ed43f731d080b078fd357
trajectory	m2d_pilot_out_v101_GB3_corruption_rerun_v1/M2-GB3/AMBER_MECHLIB_V1/seed_2026092203/trajectory_chunk_08.dcd	1185956	c516b53e3ec264c629323267994909a332eeac621f64ac47e04e34dfa816bdf0
thermodynamic_report	m2d_pilot_out_v101_GB3_corruption_rerun_v1/M2-GB3/AMBER_MECHLIB_V1/seed_2026092203/state_chunk_08.tsv	7321	b4e15b24672344bc4bab43f1aa811a4bb65fa56564a0836ef31868a8bd8cec42
trajectory	m2d_pilot_out_v101_GB3_corruption_rerun_v1/M2-GB3/AMBER_MECHLIB_V1/seed_2026092203/trajectory_chunk_09.dcd	1185956	b1d0f67007096fb13124fda3fe72c8547d36678a76c3894d7ec31fe62cc8ec0c
thermodynamic_report	m2d_pilot_out_v101_GB3_corruption_rerun_v1/M2-GB3/AMBER_MECHLIB_V1/seed_2026092203/state_chunk_09.tsv	7312	48bd3a0cecc791b8670bd4f0527e2517d45bd7825eac4e5fbbd67e30af9155a8
topology	frozen_inputs/M2-UBQ/prepared.pdb	1393244	2146717c82151f703ffaf156689a9da06e0dd50baf0617faee316512429c4e2f
nmr_reference_table	M2E_TRAJECTORY_CHECK_v1_0_1/M2E_UBQ_TableS3_HNHA_transcription_v1.tsv	1520	cbdeec83031eec5dbd57afd63356ec589efb8c7f23595ebea48d51dae6ac47f8
audit	m2d_pilot_out_v101_GB3_corruption_rerun_v1/M2-UBQ/AMBER_FIXED/seed_2026092201/PILOT_AUDIT.json	1420	64aa45af4e175e61a27eb8cf0ba98eb7252a21a210bb7da601c86a17bf9db9e1
trajectory	m2d_pilot_out_v101_GB3_corruption_rerun_v1/M2-UBQ/AMBER_FIXED/seed_2026092201/trajectory_chunk_00.dcd	2064836	e0e161b498cd5df5b358e2756935830df2c907c8bbd185ce03776f4da07b9cd7
thermodynamic_report	m2d_pilot_out_v101_GB3_corruption_rerun_v1/M2-UBQ/AMBER_FIXED/seed_2026092201/state_chunk_00.tsv	7275	5bc038fa61450e266d3fdea8b8b89ff55cca1f1454d94236fbaa2533ca531973
trajectory	m2d_pilot_out_v101_GB3_corruption_rerun_v1/M2-UBQ/AMBER_FIXED/seed_2026092201/trajectory_chunk_01.dcd	2064836	f3905689329b950f087aa3cbbf55cf0e6b1d636a0690e2ac32b7c3a92ac28556
thermodynamic_report	m2d_pilot_out_v101_GB3_corruption_rerun_v1/M2-UBQ/AMBER_FIXED/seed_2026092201/state_chunk_01.tsv	7323	d380eecbb09041c131513728c2e184869deda55af571294e38be2b791a094d9e
trajectory	m2d_pilot_out_v101_GB3_corruption_rerun_v1/M2-UBQ/AMBER_FIXED/seed_2026092201/trajectory_chunk_02.dcd	2064836	c71c168e42231b1fe8e6cbb50fcf0f31e2960deb7d66cb7079a44f73bdfe004b
thermodynamic_report	m2d_pilot_out_v101_GB3_corruption_rerun_v1/M2-UBQ/AMBER_FIXED/seed_2026092201/state_chunk_02.tsv	7351	3987920ef17e2e300a7dfae1eaa47ddf3c393ef836cb582b1ba512b3eb2749f1
trajectory	m2d_pilot_out_v101_GB3_corruption_rerun_v1/M2-UBQ/AMBER_FIXED/seed_2026092201/trajectory_chunk_03.dcd	2064836	19e4d78b469685500cd7b0d9394dea2bde9a572d783c843eae35cad1755890cf
thermodynamic_report	m2d_pilot_out_v101_GB3_corruption_rerun_v1/M2-UBQ/AMBER_FIXED/seed_2026092201/state_chunk_03.tsv	7356	c6450b9c67d459ecd9931f71b22c2964be833f130cc3bbeeaf124fff39830823
trajectory	m2d_pilot_out_v101_GB3_corruption_rerun_v1/M2-UBQ/AMBER_FIXED/seed_2026092201/trajectory_chunk_04.dcd	2064836	37677f01729d52d18f4c71094efbf77fdee3de3513d6557a8c2546180da99d5e
thermodynamic_report	m2d_pilot_out_v101_GB3_corruption_rerun_v1/M2-UBQ/AMBER_FIXED/seed_2026092201/state_chunk_04.tsv	7342	e09d1442332a982644bb00b0449d7a262de82e7bb919c0d359c02f2f329c6794
trajectory	m2d_pilot_out_v101_GB3_corruption_rerun_v1/M2-UBQ/AMBER_FIXED/seed_2026092201/trajectory_chunk_05.dcd	2064836	43385407f4e9865c0e8df65adbb93d4147cb6e936d115440fbbae40b7be73170
thermodynamic_report	m2d_pilot_out_v101_GB3_corruption_rerun_v1/M2-UBQ/AMBER_FIXED/seed_2026092201/state_chunk_05.tsv	7321	2e77aefc5cbd7059cf22a4a6447596092932d804c547699adecf359371edeea6
trajectory	m2d_pilot_out_v101_GB3_corruption_rerun_v1/M2-UBQ/AMBER_FIXED/seed_2026092201/trajectory_chunk_06.dcd	2064836	0d10b792efc0c0cc422f1118bc4572439017b4450f4e5cf8bec423bf72b86a87
thermodynamic_report	m2d_pilot_out_v101_GB3_corruption_rerun_v1/M2-UBQ/AMBER_FIXED/seed_2026092201/state_chunk_06.tsv	7324	7e241d9673a5209f483d318f237a6e7380d573e2b1b6a7ccd5b5c29c00d1fbbd
trajectory	m2d_pilot_out_v101_GB3_corruption_rerun_v1/M2-UBQ/AMBER_FIXED/seed_2026092201/trajectory_chunk_07.dcd	2064836	255b340a1c733b137b3d315c6f1432ad8cb4d98ea8434b77100e353e619a76c0
thermodynamic_report	m2d_pilot_out_v101_GB3_corruption_rerun_v1/M2-UBQ/AMBER_FIXED/seed_2026092201/state_chunk_07.tsv	7330	8094026c1c4df7d165fc706ed09dc743c2804783f5ab1ea2b866c06d476626b2
trajectory	m2d_pilot_out_v101_GB3_corruption_rerun_v1/M2-UBQ/AMBER_FIXED/seed_2026092201/trajectory_chunk_08.dcd	2064836	54e8645ec25a31d122aa5933e8191cdf7630af1f61222ea2043a3ff778ac4e76
thermodynamic_report	m2d_pilot_out_v101_GB3_corruption_rerun_v1/M2-UBQ/AMBER_FIXED/seed_2026092201/state_chunk_08.tsv	7321	ffc5d2db60396a08da4ed3bb99e80d3bf00213a8ad71732cddcf99b674bb5765
trajectory	m2d_pilot_out_v101_GB3_corruption_rerun_v1/M2-UBQ/AMBER_FIXED/seed_2026092201/trajectory_chunk_09.dcd	2064836	ac642104e30c0927b9479068c8fb6ffa3f05f005a83f736fc122e35a8d326365
thermodynamic_report	m2d_pilot_out_v101_GB3_corruption_rerun_v1/M2-UBQ/AMBER_FIXED/seed_2026092201/state_chunk_09.tsv	7322	8e6c0791d4998ed7bbd3241139e1c6b3110bf3ed79c15534861e2fc02aba3e3e
audit	m2d_pilot_out_v101_GB3_corruption_rerun_v1/M2-UBQ/AMBER_FIXED/seed_2026092202/PILOT_AUDIT.json	1418	40878ccc7cb7bf1e210acef9e8238121dd50819ec7245cea75abe77638e2c036
trajectory	m2d_pilot_out_v101_GB3_corruption_rerun_v1/M2-UBQ/AMBER_FIXED/seed_2026092202/trajectory_chunk_00.dcd	2064836	78469769517259c2513f565af4b48f4c04a07ff61be8aaef85f0b0069b788d16
thermodynamic_report	m2d_pilot_out_v101_GB3_corruption_rerun_v1/M2-UBQ/AMBER_FIXED/seed_2026092202/state_chunk_00.tsv	7281	bd18ab454e95a401876822d6f76f806ecb085f2b03cd645bf64f1b73844f67b0
trajectory	m2d_pilot_out_v101_GB3_corruption_rerun_v1/M2-UBQ/AMBER_FIXED/seed_2026092202/trajectory_chunk_01.dcd	2064836	2124b91626ea049d3c2f6c026d1cd87cd0cae88c338addd3a9a7d966198d644d
thermodynamic_report	m2d_pilot_out_v101_GB3_corruption_rerun_v1/M2-UBQ/AMBER_FIXED/seed_2026092202/state_chunk_01.tsv	7316	43dc7ebf8175179f9fb69a5961105dc7f801f55470ce2a23a8afc8fc24912aee
trajectory	m2d_pilot_out_v101_GB3_corruption_rerun_v1/M2-UBQ/AMBER_FIXED/seed_2026092202/trajectory_chunk_02.dcd	2064836	3475b7153cf3611c1cef6f450117e0cbbcb2f6566f700f1965a9f2162ccf8d2c
thermodynamic_report	m2d_pilot_out_v101_GB3_corruption_rerun_v1/M2-UBQ/AMBER_FIXED/seed_2026092202/state_chunk_02.tsv	7354	6bc7b8c91dd4263a57ff74f3c34fa0afc8e12a0849fed93b7f5c45c3cb529979
trajectory	m2d_pilot_out_v101_GB3_corruption_rerun_v1/M2-UBQ/AMBER_FIXED/seed_2026092202/trajectory_chunk_03.dcd	2064836	8dd5356d48a4d98576ac6f6bbddb51799db7e4f85caaf9477957d89efbb1649f
thermodynamic_report	m2d_pilot_out_v101_GB3_corruption_rerun_v1/M2-UBQ/AMBER_FIXED/seed_2026092202/state_chunk_03.tsv	7350	a54654555d67cf1f38b9cdb33dabb3d2d6ee48558c032c9d849c3c2089de7bd0
trajectory	m2d_pilot_out_v101_GB3_corruption_rerun_v1/M2-UBQ/AMBER_FIXED/seed_2026092202/trajectory_chunk_04.dcd	2064836	6c8ceb690886e0ad733ff26f89af11ee9a1e24b375d89882b975cce68d86159d
thermodynamic_report	m2d_pilot_out_v101_GB3_corruption_rerun_v1/M2-UBQ/AMBER_FIXED/seed_2026092202/state_chunk_04.tsv	7325	31ca1ba0acb581a9b19e2e0b6ac5c6911f47334ffe2f9f5afe64d32ac3e6eee5
trajectory	m2d_pilot_out_v101_GB3_corruption_rerun_v1/M2-UBQ/AMBER_FIXED/seed_2026092202/trajectory_chunk_05.dcd	2064836	4b58df6979f8523ca2b51903d1c0e5b879820cf451dbf4a7855442b70ade2747
thermodynamic_report	m2d_pilot_out_v101_GB3_corruption_rerun_v1/M2-UBQ/AMBER_FIXED/seed_2026092202/state_chunk_05.tsv	7345	c29ab7f6095541717b57f15c5498f8f6dd495e754bca8bdb7912a9c61eef3598
trajectory	m2d_pilot_out_v101_GB3_corruption_rerun_v1/M2-UBQ/AMBER_FIXED/seed_2026092202/trajectory_chunk_06.dcd	2064836	783b1af63a0d30d96c751d3f85da7179548b73d1aa700f3168fe8dd472e8d7fd
thermodynamic_report	m2d_pilot_out_v101_GB3_corruption_rerun_v1/M2-UBQ/AMBER_FIXED/seed_2026092202/state_chunk_06.tsv	7329	740285aa90fc2d7e0fefb910ec874af36e2d8180ee24afc5db4c9e4e37813eea
trajectory	m2d_pilot_out_v101_GB3_corruption_rerun_v1/M2-UBQ/AMBER_FIXED/seed_2026092202/trajectory_chunk_07.dcd	2064836	a0ec48545be82395b0ad8d66f512c0400d812e18baed0272d4aaf9b2b78cf5af
thermodynamic_report	m2d_pilot_out_v101_GB3_corruption_rerun_v1/M2-UBQ/AMBER_FIXED/seed_2026092202/state_chunk_07.tsv	7330	dcf60abbf6cf2654199c285a57009a7b70d3cb297d5e8ff38a6518e4977c0efb
trajectory	m2d_pilot_out_v101_GB3_corruption_rerun_v1/M2-UBQ/AMBER_FIXED/seed_2026092202/trajectory_chunk_08.dcd	2064836	e78d5453770976a99eeb43809db7a58d934dc59fa26652a4083f0976c1dcca98
thermodynamic_report	m2d_pilot_out_v101_GB3_corruption_rerun_v1/M2-UBQ/AMBER_FIXED/seed_2026092202/state_chunk_08.tsv	7334	994a1d2d9c344872f4f7c599370ed0b8fa2e313639a2109b62d13548db85b3d9
trajectory	m2d_pilot_out_v101_GB3_corruption_rerun_v1/M2-UBQ/AMBER_FIXED/seed_2026092202/trajectory_chunk_09.dcd	2064836	f1a3d7b51531f49ff8298bebd79f957bc8409eab598dc89bca625dba908d77b3
thermodynamic_report	m2d_pilot_out_v101_GB3_corruption_rerun_v1/M2-UBQ/AMBER_FIXED/seed_2026092202/state_chunk_09.tsv	7335	f8f39f1a1ebc0096e5e779b6ce73961c50bbf533df21094525fc054b88631997
audit	m2d_pilot_out_v101_GB3_corruption_rerun_v1/M2-UBQ/AMBER_FIXED/seed_2026092203/PILOT_AUDIT.json	1417	d7ae0d4cbe46ef4267d6cfc9b9cd4cbe6142fef7f068a05b380d2775660a8211
trajectory	m2d_pilot_out_v101_GB3_corruption_rerun_v1/M2-UBQ/AMBER_FIXED/seed_2026092203/trajectory_chunk_00.dcd	2064836	7519a693ac0d9df4d217a538bb89dc6309df0b148d27308966acddc4920bb30d
thermodynamic_report	m2d_pilot_out_v101_GB3_corruption_rerun_v1/M2-UBQ/AMBER_FIXED/seed_2026092203/state_chunk_00.tsv	7272	8444ea4a21ed00780061103004ca5f12d695839b8b318c0f3b4d205d931c0128
trajectory	m2d_pilot_out_v101_GB3_corruption_rerun_v1/M2-UBQ/AMBER_FIXED/seed_2026092203/trajectory_chunk_01.dcd	2064836	d307d9e4d5408c0e16ca58229246276a051399c1629326799dd506828c977bf0
thermodynamic_report	m2d_pilot_out_v101_GB3_corruption_rerun_v1/M2-UBQ/AMBER_FIXED/seed_2026092203/state_chunk_01.tsv	7322	f8c1ce65609b4529f23dd92fe14cefe4e13482b819598f8da4b4b1eb4f7cd7bb
trajectory	m2d_pilot_out_v101_GB3_corruption_rerun_v1/M2-UBQ/AMBER_FIXED/seed_2026092203/trajectory_chunk_02.dcd	2064836	884416d4b2f2689ac26b3589a4d5e7ef98766dcb12953cfdcb3fef3ace896100
thermodynamic_report	m2d_pilot_out_v101_GB3_corruption_rerun_v1/M2-UBQ/AMBER_FIXED/seed_2026092203/state_chunk_02.tsv	7359	e3d8c53493778ba9ceae378bb1811ab059f5f276be442f366acb6ac411c1c66e
trajectory	m2d_pilot_out_v101_GB3_corruption_rerun_v1/M2-UBQ/AMBER_FIXED/seed_2026092203/trajectory_chunk_03.dcd	2064836	a7649946c5fdcec67ae3c6e8db18d384d9632aa35da9506b75aeca779b12c746
thermodynamic_report	m2d_pilot_out_v101_GB3_corruption_rerun_v1/M2-UBQ/AMBER_FIXED/seed_2026092203/state_chunk_03.tsv	7367	0312309a793a8e14da445b6288524905803db50c56d1ee508586bd9c556e7887
trajectory	m2d_pilot_out_v101_GB3_corruption_rerun_v1/M2-UBQ/AMBER_FIXED/seed_2026092203/trajectory_chunk_04.dcd	2064836	9ed913ad7990ffa2dd9732954d68daa5c6fa8922ebfebd8bca2ed748c8fb727d
thermodynamic_report	m2d_pilot_out_v101_GB3_corruption_rerun_v1/M2-UBQ/AMBER_FIXED/seed_2026092203/state_chunk_04.tsv	7353	5f2cd6e6dd3488d3cb7cfe6b65016d1d6baecc672fe2a05a940536df53b68958
trajectory	m2d_pilot_out_v101_GB3_corruption_rerun_v1/M2-UBQ/AMBER_FIXED/seed_2026092203/trajectory_chunk_05.dcd	2064836	afd03942b1b97e9cd0564b46fd4f902307bf0e8c8ccfdc5acc001af08a4b66dd
thermodynamic_report	m2d_pilot_out_v101_GB3_corruption_rerun_v1/M2-UBQ/AMBER_FIXED/seed_2026092203/state_chunk_05.tsv	7336	38c2fc928d3b3e48c9d176b15180a546ed39f22d58cddc42118a09d51fae159f
trajectory	m2d_pilot_out_v101_GB3_corruption_rerun_v1/M2-UBQ/AMBER_FIXED/seed_2026092203/trajectory_chunk_06.dcd	2064836	8ce593c636591e0ec60386911966eba228f1e95a8dee68b0554397ad5b43af85
thermodynamic_report	m2d_pilot_out_v101_GB3_corruption_rerun_v1/M2-UBQ/AMBER_FIXED/seed_2026092203/state_chunk_06.tsv	7332	877aa2653278f1fb65591827d1e2e41f9589e2f4abde46636f7c211e55d64a5e
trajectory	m2d_pilot_out_v101_GB3_corruption_rerun_v1/M2-UBQ/AMBER_FIXED/seed_2026092203/trajectory_chunk_07.dcd	2064836	f8d33e1a88f23e490e2f63bda38b14f320978f71e84660ce1f3cf151ad1e339e
thermodynamic_report	m2d_pilot_out_v101_GB3_corruption_rerun_v1/M2-UBQ/AMBER_FIXED/seed_2026092203/state_chunk_07.tsv	7327	988f6e59b878bc3e4c486af0639c0b7ee400faa9a79e664f3140ca224cb90240
trajectory	m2d_pilot_out_v101_GB3_corruption_rerun_v1/M2-UBQ/AMBER_FIXED/seed_2026092203/trajectory_chunk_08.dcd	2064836	0da20aab7fb91f72b439d2e78dbd0e39bbc0f2d6731a50de587ccb365aad11ca
thermodynamic_report	m2d_pilot_out_v101_GB3_corruption_rerun_v1/M2-UBQ/AMBER_FIXED/seed_2026092203/state_chunk_08.tsv	7351	6163791504a1f9077188175ea7c6f73fb2e8a9350bb30aab464a7459339148a2
trajectory	m2d_pilot_out_v101_GB3_corruption_rerun_v1/M2-UBQ/AMBER_FIXED/seed_2026092203/trajectory_chunk_09.dcd	2064836	0ed417e2e6072101f5743f044a6213d4ae977aa4bb9dca3b520a8e384766201f
thermodynamic_report	m2d_pilot_out_v101_GB3_corruption_rerun_v1/M2-UBQ/AMBER_FIXED/seed_2026092203/state_chunk_09.tsv	7335	163b72b1c65c0003e7ad75c6b93672c0b73a1ec9f9fc8590610c995a68de35a8
audit	m2d_pilot_out_v101_GB3_corruption_rerun_v1/M2-UBQ/AMBER_MECHLIB_V1/seed_2026092201/PILOT_AUDIT.json	1421	a09b5325859014c75ab21694e32261a5528dcfd11a759647844dc07f0078d5f4
trajectory	m2d_pilot_out_v101_GB3_corruption_rerun_v1/M2-UBQ/AMBER_MECHLIB_V1/seed_2026092201/trajectory_chunk_00.dcd	2064836	bd6107a34aebbf6240d72a7076f281a4dfcd86a5f88feca5630f5c48172ebf3e
thermodynamic_report	m2d_pilot_out_v101_GB3_corruption_rerun_v1/M2-UBQ/AMBER_MECHLIB_V1/seed_2026092201/state_chunk_00.tsv	7273	ecb9b47991dae030b06e7eca6925cd4c87f35db4f533a8e48ccbcd145b2bb57d
trajectory	m2d_pilot_out_v101_GB3_corruption_rerun_v1/M2-UBQ/AMBER_MECHLIB_V1/seed_2026092201/trajectory_chunk_01.dcd	2064836	0dcbebd8cee790465b5a7d76ab1cf6a23633e57c13c9219dec68df06912d06fb
thermodynamic_report	m2d_pilot_out_v101_GB3_corruption_rerun_v1/M2-UBQ/AMBER_MECHLIB_V1/seed_2026092201/state_chunk_01.tsv	7337	eeceb765d3a138cda918c40e210e8500b49683ea03f147cc384ad921b711a869
trajectory	m2d_pilot_out_v101_GB3_corruption_rerun_v1/M2-UBQ/AMBER_MECHLIB_V1/seed_2026092201/trajectory_chunk_02.dcd	2064836	e3203c6175ac41ece3365255b04e296192cf3149a25521b1e6eb080040ee06cd
thermodynamic_report	m2d_pilot_out_v101_GB3_corruption_rerun_v1/M2-UBQ/AMBER_MECHLIB_V1/seed_2026092201/state_chunk_02.tsv	7359	3c62949f17c2b3d556d36c9fb7d3eaa90b544b37398821be2fba8ceda3d1952f
trajectory	m2d_pilot_out_v101_GB3_corruption_rerun_v1/M2-UBQ/AMBER_MECHLIB_V1/seed_2026092201/trajectory_chunk_03.dcd	2064836	d37379e55b7faae92104608424b0e85b92293eeb89e59d8c959e53efbfe18a19
thermodynamic_report	m2d_pilot_out_v101_GB3_corruption_rerun_v1/M2-UBQ/AMBER_MECHLIB_V1/seed_2026092201/state_chunk_03.tsv	7347	638e067d1b7dbc3b9cb2faabc2fc19714868d6e5fd6d048f8655d15350da9db0
trajectory	m2d_pilot_out_v101_GB3_corruption_rerun_v1/M2-UBQ/AMBER_MECHLIB_V1/seed_2026092201/trajectory_chunk_04.dcd	2064836	1709e0aff6ec3dfc64cfa751eae2f20b123ab262d61afb6e4bed3313f6b93a70
thermodynamic_report	m2d_pilot_out_v101_GB3_corruption_rerun_v1/M2-UBQ/AMBER_MECHLIB_V1/seed_2026092201/state_chunk_04.tsv	7335	58d492760cb90d247ad48cf8ac7eba61f0d48807a1d16f8c2252d36f79b47657
trajectory	m2d_pilot_out_v101_GB3_corruption_rerun_v1/M2-UBQ/AMBER_MECHLIB_V1/seed_2026092201/trajectory_chunk_05.dcd	2064836	4fad57a3f51b5d879a12e479e66d0b2a8398195d27c65a12e19d2407b0172fb7
thermodynamic_report	m2d_pilot_out_v101_GB3_corruption_rerun_v1/M2-UBQ/AMBER_MECHLIB_V1/seed_2026092201/state_chunk_05.tsv	7337	60615c47266c3c7098a5a0d62fe0b18c5551d02877ddfbbb23e093fba7fa7fe5
trajectory	m2d_pilot_out_v101_GB3_corruption_rerun_v1/M2-UBQ/AMBER_MECHLIB_V1/seed_2026092201/trajectory_chunk_06.dcd	2064836	bd5560bc8b0daa45421e7dd08d87fe71e7e445e138f40905286ea7066d699f5c
thermodynamic_report	m2d_pilot_out_v101_GB3_corruption_rerun_v1/M2-UBQ/AMBER_MECHLIB_V1/seed_2026092201/state_chunk_06.tsv	7329	f96bb9093289e33f7d2bff10b061a3813395509fd56465f47b73555676a7e701
trajectory	m2d_pilot_out_v101_GB3_corruption_rerun_v1/M2-UBQ/AMBER_MECHLIB_V1/seed_2026092201/trajectory_chunk_07.dcd	2064836	cb641a6461ff22ae106f1030c49115e7a3a16d7d671dedbc044d47608f8382f2
thermodynamic_report	m2d_pilot_out_v101_GB3_corruption_rerun_v1/M2-UBQ/AMBER_MECHLIB_V1/seed_2026092201/state_chunk_07.tsv	7315	464f84060693151ecf1458429fb2b782d4ac491853e78ee90e724a02e6065bfe
trajectory	m2d_pilot_out_v101_GB3_corruption_rerun_v1/M2-UBQ/AMBER_MECHLIB_V1/seed_2026092201/trajectory_chunk_08.dcd	2064836	e360729cea1bf8c14e52c056e2ce233060d02f07f0e5ebd2304a55e1905e19cc
thermodynamic_report	m2d_pilot_out_v101_GB3_corruption_rerun_v1/M2-UBQ/AMBER_MECHLIB_V1/seed_2026092201/state_chunk_08.tsv	7324	a9cc09f0f546b3bf267a3b3ffc779c0a3dfa10cae9d146376dff88685ab0e94f
trajectory	m2d_pilot_out_v101_GB3_corruption_rerun_v1/M2-UBQ/AMBER_MECHLIB_V1/seed_2026092201/trajectory_chunk_09.dcd	2064836	79dfcecc1b2f718c96448fce1ebe28d238725c11c72a0b85b0812bf55897412c
thermodynamic_report	m2d_pilot_out_v101_GB3_corruption_rerun_v1/M2-UBQ/AMBER_MECHLIB_V1/seed_2026092201/state_chunk_09.tsv	7324	63779e9438c58abdc031d3791e45b1f829552cfdb305bdaa5f5e0318f0fd6707
audit	m2d_pilot_out_v101_GB3_corruption_rerun_v1/M2-UBQ/AMBER_MECHLIB_V1/seed_2026092202/PILOT_AUDIT.json	1421	83c1042213ed8db794a996c6f5ef4ffecabc9f50795dda7dd2c36958d84277e8
trajectory	m2d_pilot_out_v101_GB3_corruption_rerun_v1/M2-UBQ/AMBER_MECHLIB_V1/seed_2026092202/trajectory_chunk_00.dcd	2064836	5074d351fe4c22ae2fb152f5bf5c51aed9943aa5cdcbdfc39e31496379bd6353
thermodynamic_report	m2d_pilot_out_v101_GB3_corruption_rerun_v1/M2-UBQ/AMBER_MECHLIB_V1/seed_2026092202/state_chunk_00.tsv	7293	a5a66d616e15dcdc35c4ec356a774318ff5ffcf07fa98595376cde092a71dd55
trajectory	m2d_pilot_out_v101_GB3_corruption_rerun_v1/M2-UBQ/AMBER_MECHLIB_V1/seed_2026092202/trajectory_chunk_01.dcd	2064836	7c43813789d055e52271a7f54a66451e16d04cd1e5546cba6088c77bf96273de
thermodynamic_report	m2d_pilot_out_v101_GB3_corruption_rerun_v1/M2-UBQ/AMBER_MECHLIB_V1/seed_2026092202/state_chunk_01.tsv	7330	1e75391075c73b772ff08e0092cd54358b136d0dd205c6f6d27ebc3566ee2207
trajectory	m2d_pilot_out_v101_GB3_corruption_rerun_v1/M2-UBQ/AMBER_MECHLIB_V1/seed_2026092202/trajectory_chunk_02.dcd	2064836	2c7191adbb1aabe7a89bcd2947a7b892f2379d6e7a5d2cc7a79267a971375070
thermodynamic_report	m2d_pilot_out_v101_GB3_corruption_rerun_v1/M2-UBQ/AMBER_MECHLIB_V1/seed_2026092202/state_chunk_02.tsv	7352	24a997c34e46d0e9d145d908a8d3bc07bdce2c658a186351ed642572f5e15781
trajectory	m2d_pilot_out_v101_GB3_corruption_rerun_v1/M2-UBQ/AMBER_MECHLIB_V1/seed_2026092202/trajectory_chunk_03.dcd	2064836	a93ace64beda2c0e9b2135da0359478d697d73338acc83f114dc58fa6a2c5ca5
thermodynamic_report	m2d_pilot_out_v101_GB3_corruption_rerun_v1/M2-UBQ/AMBER_MECHLIB_V1/seed_2026092202/state_chunk_03.tsv	7353	5cc5126437b0101efa67c3b762ced43594e39133cafa5dc0406d36818f3773c2
trajectory	m2d_pilot_out_v101_GB3_corruption_rerun_v1/M2-UBQ/AMBER_MECHLIB_V1/seed_2026092202/trajectory_chunk_04.dcd	2064836	ce72bac7d355b8a5bd2cf362ce96107770c4bb2f8475a1f60583903fbd368e5c
thermodynamic_report	m2d_pilot_out_v101_GB3_corruption_rerun_v1/M2-UBQ/AMBER_MECHLIB_V1/seed_2026092202/state_chunk_04.tsv	7347	fc403caa8a9597803f8ca74810e984070f7af0a0673816e3e49d303184215a83
trajectory	m2d_pilot_out_v101_GB3_corruption_rerun_v1/M2-UBQ/AMBER_MECHLIB_V1/seed_2026092202/trajectory_chunk_05.dcd	2064836	a2d41c196d0a27e6c1f3194ed6bd7b4b1a6c1147d49f55189d37cfc59b712588
thermodynamic_report	m2d_pilot_out_v101_GB3_corruption_rerun_v1/M2-UBQ/AMBER_MECHLIB_V1/seed_2026092202/state_chunk_05.tsv	7331	62fc4864040a629556a493279ffc28600a9aa9fcc707214002ce83d21d340970
trajectory	m2d_pilot_out_v101_GB3_corruption_rerun_v1/M2-UBQ/AMBER_MECHLIB_V1/seed_2026092202/trajectory_chunk_06.dcd	2064836	24eb744a97c097eb5daa9e664554122c1abe23f0dd6a6adbc18bd791b4cba861
thermodynamic_report	m2d_pilot_out_v101_GB3_corruption_rerun_v1/M2-UBQ/AMBER_MECHLIB_V1/seed_2026092202/state_chunk_06.tsv	7338	49723b7e91d3f6688cf596ed3491f025e5e90dff0f2090eb9bdddec9b71ab277
trajectory	m2d_pilot_out_v101_GB3_corruption_rerun_v1/M2-UBQ/AMBER_MECHLIB_V1/seed_2026092202/trajectory_chunk_07.dcd	2064836	254b91099c967232a44a9614097bd1d7a1f8f2d264bc87b00366f28215217f1e
thermodynamic_report	m2d_pilot_out_v101_GB3_corruption_rerun_v1/M2-UBQ/AMBER_MECHLIB_V1/seed_2026092202/state_chunk_07.tsv	7337	46ade01e5880e0dabcf6f153d495012f2eee917813402c02807f59f4cfdbc00e
trajectory	m2d_pilot_out_v101_GB3_corruption_rerun_v1/M2-UBQ/AMBER_MECHLIB_V1/seed_2026092202/trajectory_chunk_08.dcd	2064836	cad5a7c0093417c01a06e128193b16945554e07685d1f0d689df45d6e933564c
thermodynamic_report	m2d_pilot_out_v101_GB3_corruption_rerun_v1/M2-UBQ/AMBER_MECHLIB_V1/seed_2026092202/state_chunk_08.tsv	7310	351c80ee43805d5111ca9c412883315fbc5a4e7fed5ec3ee2867ecdcbb708abc
trajectory	m2d_pilot_out_v101_GB3_corruption_rerun_v1/M2-UBQ/AMBER_MECHLIB_V1/seed_2026092202/trajectory_chunk_09.dcd	2064836	d7033fbcf84132e6a2d9fb88df01775db36731dece674623678a71c45d4c5bbf
thermodynamic_report	m2d_pilot_out_v101_GB3_corruption_rerun_v1/M2-UBQ/AMBER_MECHLIB_V1/seed_2026092202/state_chunk_09.tsv	7331	e0dd1c815481d170e9cacc2244482b88b70780350501ff3750dab1ec7921d1d3
audit	m2d_pilot_out_v101_GB3_corruption_rerun_v1/M2-UBQ/AMBER_MECHLIB_V1/seed_2026092203/PILOT_AUDIT.json	1422	0d93463b5f503711649bdb131d12b7316329c6c5f3656eb34722ab53e4e8d0b6
trajectory	m2d_pilot_out_v101_GB3_corruption_rerun_v1/M2-UBQ/AMBER_MECHLIB_V1/seed_2026092203/trajectory_chunk_00.dcd	2064836	276580bcf795a11621d6a83f55d95432a5973d7f5d562261e62de1e1833d6966
thermodynamic_report	m2d_pilot_out_v101_GB3_corruption_rerun_v1/M2-UBQ/AMBER_MECHLIB_V1/seed_2026092203/state_chunk_00.tsv	7275	1251c43fdfb9230a8f6499312f245674664c69cd0c1c736e4fe174e5dd1810cb
trajectory	m2d_pilot_out_v101_GB3_corruption_rerun_v1/M2-UBQ/AMBER_MECHLIB_V1/seed_2026092203/trajectory_chunk_01.dcd	2064836	7afa5225d16cd35f221e8e9886e520859c610bce0d1e29b9ebb727c6a9512cd2
thermodynamic_report	m2d_pilot_out_v101_GB3_corruption_rerun_v1/M2-UBQ/AMBER_MECHLIB_V1/seed_2026092203/state_chunk_01.tsv	7340	029a4188b68ba015e342d4a65b9bce838f9e68737c0f893fb66097679299a450
trajectory	m2d_pilot_out_v101_GB3_corruption_rerun_v1/M2-UBQ/AMBER_MECHLIB_V1/seed_2026092203/trajectory_chunk_02.dcd	2064836	021ef31d8f9087b797d0d90d53ca081ec15734f533d573cb14d7bc246b138dfc
thermodynamic_report	m2d_pilot_out_v101_GB3_corruption_rerun_v1/M2-UBQ/AMBER_MECHLIB_V1/seed_2026092203/state_chunk_02.tsv	7360	47bf6789eee351ccee3b7c39d47c7c26b4c8b9966649db229f52bc5ee2aabce9
trajectory	m2d_pilot_out_v101_GB3_corruption_rerun_v1/M2-UBQ/AMBER_MECHLIB_V1/seed_2026092203/trajectory_chunk_03.dcd	2064836	9b37cc36fac317dbb0d5515e2cc96898c0437ae88b305cdcb7dc4731d4f85007
thermodynamic_report	m2d_pilot_out_v101_GB3_corruption_rerun_v1/M2-UBQ/AMBER_MECHLIB_V1/seed_2026092203/state_chunk_03.tsv	7380	457195d80e5a0b8c298968b56b9755ee82f415d150c800acd5e33cda4f1a4cd6
trajectory	m2d_pilot_out_v101_GB3_corruption_rerun_v1/M2-UBQ/AMBER_MECHLIB_V1/seed_2026092203/trajectory_chunk_04.dcd	2064836	3f7ef20459d13b0c1cd99d5997f9568c1d9d6f6afac72c2d1367b7b7709d64f1
thermodynamic_report	m2d_pilot_out_v101_GB3_corruption_rerun_v1/M2-UBQ/AMBER_MECHLIB_V1/seed_2026092203/state_chunk_04.tsv	7357	178f947b6c235facf099782038e0c43a7a45f9ff6dbc316e9763254c47d9c6cb
trajectory	m2d_pilot_out_v101_GB3_corruption_rerun_v1/M2-UBQ/AMBER_MECHLIB_V1/seed_2026092203/trajectory_chunk_05.dcd	2064836	90a8b536e8da360466135b94a8e05d32100c455acbc610b126906dc64137e553
thermodynamic_report	m2d_pilot_out_v101_GB3_corruption_rerun_v1/M2-UBQ/AMBER_MECHLIB_V1/seed_2026092203/state_chunk_05.tsv	7309	93eb753cc7ba62e59aa25a47f03dd6ee2cc4b91807090e78cd3adf91d836d665
trajectory	m2d_pilot_out_v101_GB3_corruption_rerun_v1/M2-UBQ/AMBER_MECHLIB_V1/seed_2026092203/trajectory_chunk_06.dcd	2064836	7803702c5fb737926369bbefe7596579142525bfd7769b01a3c691a04eafb643
thermodynamic_report	m2d_pilot_out_v101_GB3_corruption_rerun_v1/M2-UBQ/AMBER_MECHLIB_V1/seed_2026092203/state_chunk_06.tsv	7318	27fbb0cd5e2c14fb54c5a492404cfacc857542eb6705f3b6e7c8f3ec65ae5e61
trajectory	m2d_pilot_out_v101_GB3_corruption_rerun_v1/M2-UBQ/AMBER_MECHLIB_V1/seed_2026092203/trajectory_chunk_07.dcd	2064836	b75ca7df8c6a1e47033d626be37f9fc63b8a29ebb8ded66d629678f5bdad62cc
thermodynamic_report	m2d_pilot_out_v101_GB3_corruption_rerun_v1/M2-UBQ/AMBER_MECHLIB_V1/seed_2026092203/state_chunk_07.tsv	7341	bf597467d080ccf658beec0611eb1ff8ce0135fb05dbb33725ae34118fb601c3
trajectory	m2d_pilot_out_v101_GB3_corruption_rerun_v1/M2-UBQ/AMBER_MECHLIB_V1/seed_2026092203/trajectory_chunk_08.dcd	2064836	a6eca6da10066a83a2097a058b18f7ffa5e58beb85d531b90b14e83b36bff761
thermodynamic_report	m2d_pilot_out_v101_GB3_corruption_rerun_v1/M2-UBQ/AMBER_MECHLIB_V1/seed_2026092203/state_chunk_08.tsv	7302	b11bda77ddfe12803bb1583bc25b3898ca2e0d0b705bd8ac429ae688a84ea89f
trajectory	m2d_pilot_out_v101_GB3_corruption_rerun_v1/M2-UBQ/AMBER_MECHLIB_V1/seed_2026092203/trajectory_chunk_09.dcd	2064836	f55c93e20d9759fca80ed3d66303340d548ff6d0b4db90b41885d1c324d2aea2
thermodynamic_report	m2d_pilot_out_v101_GB3_corruption_rerun_v1/M2-UBQ/AMBER_MECHLIB_V1/seed_2026092203/state_chunk_09.tsv	7322	289ce7028f626dce6a37379714792afb99537f4dc33580f0ee1af86a76685427
