angle,basin,cutoff_A,n_structures,delta_deg,sem_deg
tau (N-Ca-C),α,3.5,7938,0.48,0.002
tau (N-Ca-C),β,3.5,7938,-1.62,0.004
tau (N-Ca-C),PPII,3.5,7938,-0.88,0.005
tau (N-Ca-C),αL,3.5,7938,1.009,0.01
tau (N-Ca-C),α,3.0,7938,0.48,0.002
tau (N-Ca-C),β,3.0,7938,-1.62,0.004
tau (N-Ca-C),PPII,3.0,7938,-0.88,0.005
tau (N-Ca-C),αL,3.0,7938,1.009,0.01
tau (N-Ca-C),α,2.5,7938,0.48,0.002
tau (N-Ca-C),β,2.5,7938,-1.62,0.004
tau (N-Ca-C),PPII,2.5,7938,-0.88,0.005
tau (N-Ca-C),αL,2.5,7938,1.009,0.01
tau (N-Ca-C),α,2.0,7935,0.48,0.002
tau (N-Ca-C),β,2.0,7935,-1.62,0.004
tau (N-Ca-C),PPII,2.0,7935,-0.88,0.005
tau (N-Ca-C),αL,2.0,7935,1.009,0.01
tau (N-Ca-C),α,1.8,6280,0.465,0.002
tau (N-Ca-C),β,1.8,6280,-1.638,0.004
tau (N-Ca-C),PPII,1.8,6280,-0.867,0.005
tau (N-Ca-C),αL,1.8,6280,0.982,0.011
tau (N-Ca-C),α,1.5,3482,0.46,0.003
tau (N-Ca-C),β,1.5,3482,-1.656,0.005
tau (N-Ca-C),PPII,1.5,3482,-0.838,0.007
tau (N-Ca-C),αL,1.5,3482,0.95,0.013
tau (N-Ca-C),α,1.2,1136,0.499,0.005
tau (N-Ca-C),β,1.2,1136,-1.697,0.008
tau (N-Ca-C),PPII,1.2,1136,-0.822,0.011
tau (N-Ca-C),αL,1.2,1136,0.877,0.021
tau (N-Ca-C),α,1.0,324,0.506,0.01
tau (N-Ca-C),β,1.0,324,-1.797,0.016
tau (N-Ca-C),PPII,1.0,324,-0.895,0.02
tau (N-Ca-C),αL,1.0,324,0.803,0.04
omega (peptide),α,3.5,7938,0.365,0.005
omega (peptide),β,3.5,7938,-1.417,0.024
omega (peptide),PPII,3.5,7938,-1.63,0.039
omega (peptide),αL,3.5,7938,-0.667,0.041
omega (peptide),α,3.0,7938,0.365,0.005
omega (peptide),β,3.0,7938,-1.417,0.024
omega (peptide),PPII,3.0,7938,-1.63,0.039
omega (peptide),αL,3.0,7938,-0.667,0.041
omega (peptide),α,2.5,7938,0.365,0.005
omega (peptide),β,2.5,7938,-1.417,0.024
omega (peptide),PPII,2.5,7938,-1.63,0.039
omega (peptide),αL,2.5,7938,-0.667,0.041
omega (peptide),α,2.0,7935,0.365,0.005
omega (peptide),β,2.0,7935,-1.417,0.024
omega (peptide),PPII,2.0,7935,-1.63,0.039
omega (peptide),αL,2.0,7935,-0.667,0.041
omega (peptide),α,1.8,6280,0.425,0.006
omega (peptide),β,1.8,6280,-1.489,0.027
omega (peptide),PPII,1.8,6280,-1.684,0.043
omega (peptide),αL,1.8,6280,-0.677,0.044
omega (peptide),α,1.5,3482,0.486,0.008
omega (peptide),β,1.5,3482,-1.62,0.037
omega (peptide),PPII,1.5,3482,-1.821,0.056
omega (peptide),αL,1.5,3482,-0.658,0.058
omega (peptide),α,1.2,1136,0.542,0.015
omega (peptide),β,1.2,1136,-1.777,0.069
omega (peptide),PPII,1.2,1136,-2.03,0.103
omega (peptide),αL,1.2,1136,-0.598,0.113
omega (peptide),α,1.0,324,0.71,0.032
omega (peptide),β,1.0,324,-1.921,0.137
omega (peptide),PPII,1.0,324,-2.281,0.202
omega (peptide),αL,1.0,324,-0.68,0.268
angle N-Ca-Cb,α,3.5,7938,-0.058,0.002
angle N-Ca-Cb,β,3.5,7938,0.162,0.002
angle N-Ca-Cb,PPII,3.5,7938,-0.125,0.003
angle N-Ca-Cb,αL,3.5,7938,0.466,0.008
angle N-Ca-Cb,α,3.0,7938,-0.058,0.002
angle N-Ca-Cb,β,3.0,7938,0.162,0.002
angle N-Ca-Cb,PPII,3.0,7938,-0.125,0.003
angle N-Ca-Cb,αL,3.0,7938,0.466,0.008
angle N-Ca-Cb,α,2.5,7938,-0.058,0.002
angle N-Ca-Cb,β,2.5,7938,0.162,0.002
angle N-Ca-Cb,PPII,2.5,7938,-0.125,0.003
angle N-Ca-Cb,αL,2.5,7938,0.466,0.008
angle N-Ca-Cb,α,2.0,7935,-0.057,0.002
angle N-Ca-Cb,β,2.0,7935,0.162,0.002
angle N-Ca-Cb,PPII,2.0,7935,-0.125,0.003
angle N-Ca-Cb,αL,2.0,7935,0.466,0.008
angle N-Ca-Cb,α,1.8,6280,-0.088,0.002
angle N-Ca-Cb,β,1.8,6280,0.156,0.003
angle N-Ca-Cb,PPII,1.8,6280,-0.157,0.004
angle N-Ca-Cb,αL,1.8,6280,0.523,0.009
angle N-Ca-Cb,α,1.5,3482,-0.151,0.002
angle N-Ca-Cb,β,1.5,3482,0.118,0.004
angle N-Ca-Cb,PPII,1.5,3482,-0.25,0.005
angle N-Ca-Cb,αL,1.5,3482,0.72,0.012
angle N-Ca-Cb,α,1.2,1136,-0.249,0.005
angle N-Ca-Cb,β,1.2,1136,0.134,0.007
angle N-Ca-Cb,PPII,1.2,1136,-0.352,0.009
angle N-Ca-Cb,αL,1.2,1136,0.949,0.022
angle N-Ca-Cb,α,1.0,324,-0.305,0.01
angle N-Ca-Cb,β,1.0,324,0.221,0.014
angle N-Ca-Cb,PPII,1.0,324,-0.417,0.019
angle N-Ca-Cb,αL,1.0,324,1.193,0.047
angle C-Ca-Cb,α,3.5,7938,0.266,0.002
angle C-Ca-Cb,β,3.5,7938,-0.447,0.003
angle C-Ca-Cb,PPII,3.5,7938,-0.38,0.004
angle C-Ca-Cb,αL,3.5,7938,0.825,0.009
angle C-Ca-Cb,α,3.0,7938,0.266,0.002
angle C-Ca-Cb,β,3.0,7938,-0.447,0.003
angle C-Ca-Cb,PPII,3.0,7938,-0.38,0.004
angle C-Ca-Cb,αL,3.0,7938,0.825,0.009
angle C-Ca-Cb,α,2.5,7938,0.266,0.002
angle C-Ca-Cb,β,2.5,7938,-0.447,0.003
angle C-Ca-Cb,PPII,2.5,7938,-0.38,0.004
angle C-Ca-Cb,αL,2.5,7938,0.825,0.009
angle C-Ca-Cb,α,2.0,7935,0.266,0.002
angle C-Ca-Cb,β,2.0,7935,-0.447,0.003
angle C-Ca-Cb,PPII,2.0,7935,-0.38,0.004
angle C-Ca-Cb,αL,2.0,7935,0.825,0.009
angle C-Ca-Cb,α,1.8,6280,0.309,0.002
angle C-Ca-Cb,β,1.8,6280,-0.453,0.003
angle C-Ca-Cb,PPII,1.8,6280,-0.393,0.004
angle C-Ca-Cb,αL,1.8,6280,0.902,0.01
angle C-Ca-Cb,α,1.5,3482,0.408,0.003
angle C-Ca-Cb,β,1.5,3482,-0.432,0.004
angle C-Ca-Cb,PPII,1.5,3482,-0.408,0.006
angle C-Ca-Cb,αL,1.5,3482,1.093,0.013
angle C-Ca-Cb,α,1.2,1136,0.525,0.005
angle C-Ca-Cb,β,1.2,1136,-0.358,0.008
angle C-Ca-Cb,PPII,1.2,1136,-0.373,0.011
angle C-Ca-Cb,αL,1.2,1136,1.221,0.024
angle C-Ca-Cb,α,1.0,324,0.604,0.012
angle C-Ca-Cb,β,1.0,324,-0.322,0.016
angle C-Ca-Cb,PPII,1.0,324,-0.368,0.022
angle C-Ca-Cb,αL,1.0,324,1.271,0.05
