klass,basin,dtau
ALA,alpha,0.31
ALA,beta,-1.776
ALA,PPII,-0.704
ALA,alphaL,0.987
ARG,alpha,0.387
ARG,beta,-1.84
ARG,PPII,-0.923
ARG,alphaL,1.056
ASN,alpha,0.333
ASN,beta,-2.381
ASN,PPII,-1.364
ASN,alphaL,0.966
ASP,alpha,0.383
ASP,beta,-2.491
ASP,PPII,-1.242
ASP,alphaL,0.973
CYS,alpha,0.646
CYS,beta,-1.352
CYS,PPII,-0.431
CYS,alphaL,1.452
GLN,alpha,0.313
GLN,beta,-1.824
GLN,PPII,-0.976
GLN,alphaL,0.89
GLU,alpha,0.288
GLU,beta,-1.99
GLU,PPII,-1.115
GLU,alphaL,1.005
HIS,alpha,0.508
HIS,beta,-1.778
HIS,PPII,-0.997
HIS,alphaL,1.234
ILE,alpha,0.917
ILE,beta,-1.444
ILE,PPII,-0.61
ILE,alphaL,1.491
LEU,alpha,0.447
LEU,beta,-1.876
LEU,PPII,-0.824
LEU,alphaL,1.075
LYS,alpha,0.371
LYS,beta,-1.856
LYS,PPII,-1.048
LYS,alphaL,0.861
MET,alpha,0.434
MET,beta,-1.651
MET,PPII,-0.726
MET,alphaL,0.972
PHE,alpha,0.561
PHE,beta,-1.354
PHE,PPII,-0.645
PHE,alphaL,1.619
SER,alpha,0.554
SER,beta,-1.525
SER,PPII,-0.57
SER,alphaL,1.174
THR,alpha,0.552
THR,beta,-1.411
THR,PPII,-0.715
THR,alphaL,1.632
TRP,alpha,0.604
TRP,beta,-1.506
TRP,PPII,-0.713
TRP,alphaL,1.356
TYR,alpha,0.507
TYR,beta,-1.308
TYR,PPII,-0.647
TYR,alphaL,1.387
VAL,alpha,1.028
VAL,beta,-1.17
VAL,PPII,-0.442
VAL,alphaL,1.04
